PMID,Title,Year,Journal,Authors,PublicationTypes,Mesh,Dataset
32316357,Does Diabetes Induce the Vascular Endothelial Growth Factor (VEGF) Expression in Periodontal Tissues? A Systematic Review.,2020 Apr 16,International journal of environmental research and public health,Nardi GM; Ferrara E; Converti I; Cesarano F; Scacco S; Grassi R; Gnoni A; Grassi FR; Rapone B,Journal Article; Systematic Review,Case-Control Studies; Diabetes Mellitus/*pathology; Gingival Crevicular Fluid/metabolism; Humans; Periodontitis/metabolism; Periodontium/*metabolism; Vascular Endothelial Growth Factor A/*metabolism,Review
39948158,The impact of e-cigarette use on periodontal health: a systematic review and meta-analysis.,2025 Jun,Evidence-based dentistry,Tattar R; Jackson J; Holliday R,Journal Article; Meta-Analysis; Systematic Review,Humans; *Electronic Nicotine Delivery Systems; *Periodontal Diseases/etiology; Periodontitis; Periodontal Index; Gingivitis,Review
40897233,Clinical outcomes of periodontal regeneration using biologic agents alone or in combination with graft materials for intrabony defects: A systematic review and meta-analysis.,2025 Nov,Journal of dentistry,Valente NA; Pileri C; Floris L; Carrus N; Natto ZS; Clementini M,Journal Article; Meta-Analysis; Systematic Review,"Humans; *Guided Tissue Regeneration, Periodontal/methods; *Alveolar Bone Loss/surgery; *Bone Transplantation/methods; Dental Enamel Proteins/therapeutic use; Treatment Outcome; Randomized Controlled Trials as Topic; Platelet-Rich Fibrin; Intercellular Signaling Peptides and Proteins/therapeutic use; Bone Regeneration/drug effects; *Biological Products/therapeutic use; Combined Modality Therapy",Review
39248301,The impact of systemic and topical antimicrobial therapy combined with non-surgical periodontal therapy: A meta-analysis.,2025 May,Advances in clinical and experimental medicine : official organ Wroclaw Medical University,Sun G,Journal Article; Meta-Analysis; Systematic Review,"Humans; Administration, Topical; *Anti-Bacterial Agents/administration & dosage/therapeutic use; *Anti-Infective Agents/administration & dosage/therapeutic use; Metronidazole/administration & dosage; *Periodontal Diseases/drug therapy/therapy; Randomized Controlled Trials as Topic; Treatment Outcome",Review
27454460,Root coverage procedures improve patient aesthetics. A systematic review and Bayesian network meta-analysis.,2016 Nov,Journal of clinical periodontology,Cairo F; Pagliaro U; Buti J; Baccini M; Graziani F; Tonelli P; Pagavino G; Tonetti MS,Journal Article; Network Meta-Analysis; Systematic Review,"Bayes Theorem; Connective Tissue; Dental Enamel Proteins; Esthetics; *Esthetics, Dental; Gingiva; Gingival Recession; Humans; Treatment Outcome",Review
26595831,Association of susceptible genotypes to periodontal disease with the clinical outcome and tooth survival after non-surgical periodontal therapy: A systematic review and meta-analysis.,2016 Jan 1,"Medicina oral, patologia oral y cirugia bucal",Chatzopoulos GS; Doufexi AE; Kalogirou F,Journal Article; Meta-Analysis; Systematic Review,*Genetic Predisposition to Disease; *Genotype; Humans; Periodontal Diseases/*genetics/*therapy; Tooth; Treatment Outcome,Review
34246253,Effects of non-surgical periodontal therapy on periodontal clinical data in periodontitis patients with rheumatoid arthritis: a meta-analysis.,2021 Jul 10,BMC oral health,Huang Y; Zhang Z; Zheng Y; Zhao Z; Zhong Y; Zhang Q; Xia D; Ma N; Zhang L,"Journal Article; Meta-Analysis; Research Support, Non-U.S. Gov't","*Arthritis, Rheumatoid/complications/therapy; *Chronic Periodontitis/complications/therapy; Dental Scaling; Humans; Periodontal Attachment Loss/therapy; Periodontal Index; *Periodontitis/complications/therapy; Root Planing",Review
31577700,Association between the IL-10 rs1800872 polymorphisms and periodontitis susceptibility: A meta-analysis.,2019 Oct,Medicine,Wang Z; Li Y; Zhou Y; Qiao Y,Journal Article; Meta-Analysis,"Aggressive Periodontitis/ethnology/genetics; Alleles; Asian People/genetics; Case-Control Studies; China; Chronic Periodontitis/ethnology/genetics; Genetic Predisposition to Disease; Genotype; Humans; Interleukin-10/*genetics; Periodontitis/*ethnology/*genetics; Polymorphism, Single Nucleotide; Risk Factors; Smoking/ethnology; White People/genetics",Review
33179280,Is periodontal disease a risk indicator for colorectal cancer? A systematic review and meta-analysis.,2021 Mar,Journal of clinical periodontology,Li W; Xu J; Zhang R; Li Y; Wang J; Zhang X; Lin L,"Journal Article; Meta-Analysis; Research Support, Non-U.S. Gov't; Systematic Review",*Colorectal Neoplasms/epidemiology/etiology; Humans; *Periodontal Diseases/complications/epidemiology; Risk Factors; Treatment Outcome,Review
41810713,Oral Health and Oral Hygiene Status Among the Particularly Vulnerable Tribal Groups (PVTGs) of India: A Systematic Review and Meta-Analysis.,2026 Mar-Apr,"Special care in dentistry : official publication of the American Association of Hospital Dentists, the Academy of Dentistry for the Handicapped, and the American Society for Geriatric Dentistry",Kumar G; Dash P,Journal Article; Meta-Analysis; Review; Systematic Review,Humans; India/epidemiology; *Oral Health; *Vulnerable Populations; *Oral Hygiene; Prevalence; Dental Caries/epidemiology; Periodontal Diseases/epidemiology; *Population Groups,Review
26897256,Growth factors and beta-tricalcium phosphate in the treatment of periodontal intraosseous defects: A systematic review and meta-analysis of randomised controlled trials.,2016 Jun,Archives of oral biology,Calin C; Patrascu I,"Journal Article; Meta-Analysis; Research Support, Non-U.S. Gov't; Systematic Review",Alveolar Bone Loss/drug therapy; Calcium Phosphates/*pharmacology; Gingival Recession/*drug therapy; Humans; Intercellular Signaling Peptides and Proteins/*pharmacology; Periodontal Attachment Loss/*drug therapy; Randomized Controlled Trials as Topic,Review
39808292,"Weighing up the potential of ""superfoods"" compounds of green tea or turmeric as adjuncts in comparison to established therapeutical approaches for periodontal disease.",2025 Jan 14,Clinical oral investigations,Heuzeroth G; Kaufmann ME; Herter-Aeberli I; Schlagenauf U; Liu CC; Papageorgiou SN; Schmidlin PR,Comparative Study; Journal Article; Meta-Analysis; Systematic Review,Humans; *Curcuma/chemistry; *Tea/chemistry; *Mouthwashes/therapeutic use; *Plant Extracts/therapeutic use; *Periodontal Diseases/drug therapy; Gingivitis/drug therapy; Randomized Controlled Trials as Topic; Chlorhexidine/therapeutic use; Periodontitis/drug therapy,Review
26928597,The concomitant administration of systemic amoxicillin and metronidazole compared to scaling and root planing alone in treating periodontitis: =a systematic review=.,2016 Feb 29,BMC oral health,Zandbergen D; Slot DE; Niederman R; Van der Weijden FA,"Journal Article; Meta-Analysis; Research Support, Non-U.S. Gov't; Systematic Review",Amoxicillin/*administration & dosage; Anti-Bacterial Agents/*administration & dosage; *Dental Scaling; Humans; Metronidazole/*administration & dosage; Periodontal Pocket/drug therapy; Periodontitis/*drug therapy/therapy; *Root Planing; Treatment Outcome,Review
34608627,Periodontitis and Systemic Lupus Erythematosus: A systematic review and meta-analysis.,2022 Jan,Journal of periodontal research,Hussain SB; Leira Y; Zehra SA; Botelho J; Machado V; Ciurtin C; D'Aiuto F; Orlandi M,Journal Article; Meta-Analysis; Systematic Review,"Female; Gingiva; Humans; *Lupus Erythematosus, Systemic/complications/epidemiology; *Periodontitis/complications/epidemiology; Prevalence",Review
36377800,Periodontitis and risk of immune-mediated systemic conditions: A systematic review and meta-analysis.,2023 Oct,Community dentistry and oral epidemiology,Larvin H; Kang J; Aggarwal VR; Pavitt S; Wu J,"Journal Article; Meta-Analysis; Research Support, Non-U.S. Gov't; Systematic Review",Humans; *Periodontitis/complications/epidemiology; Cohort Studies,Review
24880982,Does periodontal treatment influence clinical and biochemical measures for rheumatoid arthritis? A systematic review and meta-analysis.,2014 Oct,Seminars in arthritis and rheumatism,Kaur S; Bright R; Proudman SM; Bartold PM,"Journal Article; Meta-Analysis; Research Support, Non-U.S. Gov't; Systematic Review","Adult; Aged; Arthritis, Rheumatoid/*blood/*diagnosis/epidemiology; Biomarkers/blood; Blood Sedimentation; C-Reactive Protein/metabolism; Female; Humans; Interleukin-6/blood; Male; Middle Aged; Periodontitis/*complications/diagnosis/*drug therapy; Rheumatoid Factor/blood; Risk Factors; *Severity of Illness Index; Tumor Necrosis Factor-alpha/blood",Review
23151293,Effect of periodontal therapy on prevention of gastric Helicobacter pylori recurrence: a systematic review and meta-analysis.,2012 Dec,Journal of clinical periodontology,Bouziane A; Ahid S; Abouqal R; Ennibi O,Journal Article; Meta-Analysis; Systematic Review,Chi-Square Distribution; Dental Plaque/*therapy; Helicobacter Infections/*prevention & control; *Helicobacter pylori/drug effects; Humans; Likelihood Functions; Mouth/microbiology; Periodontitis/*therapy; Publication Bias; Secondary Prevention; Stomach Diseases/microbiology/*prevention & control,Review
37023342,Prevalence of periodontal disease among Vietnamese adults: A systematic review and meta-analysis.,2023 Jan-Mar,Dental and medical problems,Tran DQ; Vu CTQ; Phan QN; Nguyen CTM,Journal Article; Meta-Analysis; Systematic Review,Adult; Aged; Humans; Cross-Sectional Studies; *Periodontal Diseases/epidemiology; Prevalence; *Southeast Asian People/statistics & numerical data; Vietnam/epidemiology,Review
27825315,Periodontitis and gestational diabetes mellitus: a systematic review and meta-analysis of observational studies.,2016 Nov 8,BMC pregnancy and childbirth,Abariga SA; Whitcomb BW,Journal Article; Meta-Analysis; Systematic Review,"Case-Control Studies; Cross-Sectional Studies; Diabetes, Gestational/diagnosis/*epidemiology; Female; Humans; Observational Studies as Topic; Periodontitis/diagnosis/*epidemiology; Pregnancy; Risk Factors",Review
32051966,Association Between Periodontitis and Nosocomial Pneumonia: A Systematic Review and Meta-analysis of Observational Studies.,2020 Feb 14,Oral health & preventive dentistry,Jeronimo LS; Abreu LG; Cunha FA; Esteves Lima RP,Journal Article; Meta-Analysis; Systematic Review,Case-Control Studies; *Cross Infection; Humans; Observational Studies as Topic; *Periodontitis; *Pneumonia,Review
31969148,Effects of non-surgical periodontal therapy on systemic inflammation and metabolic markers in patients undergoing haemodialysis and/or peritoneal dialysis: a systematic review and meta-analysis.,2020 Jan 22,BMC oral health,Yue H; Xu X; Liu Q; Li X; Xiao Y; Hu B,"Journal Article; Meta-Analysis; Research Support, Non-U.S. Gov't; Systematic Review","Biomarkers/analysis/*metabolism; C-Reactive Protein/metabolism; Chronic Periodontitis/metabolism/*therapy; Humans; Inflammation/*blood/pathology; Interleukin-6/*analysis; Kidney Failure, Chronic/*blood/therapy; Lipids/blood; Peritoneal Dialysis; Renal Dialysis; Tumor Necrosis Factor-alpha/blood",Review
36261851,The effect of antiretroviral therapyon the periodontal conditions of patients with HIV infection: A systematic review and meta-analysis.,2023 Feb,Journal of clinical periodontology,Ntolou P; Pani P; Panis V; Madianos P; Vassilopoulos S,Journal Article; Meta-Analysis; Systematic Review,Humans; *HIV Infections/complications/drug therapy; Cross-Sectional Studies; *Periodontal Diseases; *Periodontitis/complications/epidemiology/drug therapy; *Gingival Diseases,Review
20024665,Photodynamic therapy as an adjunctive treatment for chronic periodontitis: a meta-analysis.,2010 Jul,Lasers in medical science,Atieh MA,Journal Article; Meta-Analysis,Chronic Periodontitis/*drug therapy; Humans; *Photochemotherapy,Review
40335202,PERIODONTITIS AS A RISK FACTOR FOR DEMENTIA: A SYSTEMATIC REVIEW AND META-ANALYSIS.,2025 Jun,The journal of evidence-based dental practice,Kim DH; Han GS,Journal Article; Meta-Analysis; Systematic Review,Humans; *Dementia/etiology/epidemiology; *Periodontitis/complications; Risk Factors,Review
38629069,"Higher odds of periodontitis in systemic lupus erythematosus compared to controls and rheumatoid arthritis: a systematic review, meta-analysis and network meta-analysis.",2024,Frontiers in immunology,Tan PR; Lee AJL; Zhao JJ; Chan YH; Fu JH; Ma M; Tay SH,Journal Article; Network Meta-Analysis; Systematic Review,"Humans; *Arthritis, Rheumatoid/epidemiology; *Lupus Erythematosus, Systemic/complications/epidemiology; Observational Studies as Topic; Odds Ratio; *Periodontitis/epidemiology",Review
27796062,Oral health status of children and young adults with autism spectrum disorders: systematic review and meta-analysis.,2017 Sep,International journal of paediatric dentistry,da Silva SN; Gimenez T; Souza RC; Mello-Moura ACV; Raggio DP; Morimoto S; Lara JS; Soares GC; Tedesco TK,Journal Article; Meta-Analysis; Systematic Review,"Adolescent; Adult; Child; Child, Preschool; Humans; Young Adult; *Autism Spectrum Disorder/complications; Databases, Factual; *Dental Caries/complications/epidemiology; *Health Status; Oral Health; *Periodontal Diseases/complications/epidemiology; Prevalence",Review
35797566,A Systematic Review and Meta-Analysis of the Association Between Periodontal Disease and Severe Mental Illness.,2022 Sep 1,Psychosomatic medicine,Cai V; Peng Ng C; Zhao J; Siskind D; Kisely S,Journal Article; Meta-Analysis; Systematic Review,China; Humans; *Mental Disorders/epidemiology/psychology; *Periodontal Diseases/epidemiology,Review
33864280,Periodontal health status of children and adolescents with diabetes mellitus: a systematic review and meta-analysis.,2021 Mar,Australian dental journal,Zainal Abidin Z; Zainuren ZA; Noor E; Mohd Nor NS; Mohd Saffian S; Abdul Halim R,Journal Article; Meta-Analysis; Systematic Review,Adolescent; Child; Dental Care; *Diabetes Mellitus/epidemiology; Health Status; Humans; *Periodontal Diseases/complications/epidemiology; Periodontal Index,Review
25261053,Global burden of severe periodontitis in 1990-2010: a systematic review and meta-regression.,2014 Nov,Journal of dental research,Kassebaum NJ; Bernabe E; Dahiya M; Bhandari B; Murray CJ; Marcenes W,Journal Article; Meta-Analysis; Systematic Review,Age Factors; Cost of Illness; Epidemiologic Studies; Global Health/*statistics & numerical data; Humans; Incidence; Periodontitis/*epidemiology; Prevalence,Review
37173720,Periostin level in gingival crevicular fluid in periodontal disease: a systematic review and meta-analysis.,2023 May 12,BMC oral health,Abdolalian F; Bayani M; Afzali S; Nakhostin A; Almasi-Hashiani A,"Journal Article; Meta-Analysis; Research Support, Non-U.S. Gov't; Systematic Review",Humans; *Chronic Periodontitis/metabolism; Gingival Crevicular Fluid/metabolism; *Gingivitis/metabolism; Periodontium,Review
35119242,Is there an association between periodontal diseases and ABO blood group? Systematic review and meta-analysis.,2022 Apr 5,"Quintessence international (Berlin, Germany : 1985)",Al-Askar M,Journal Article; Meta-Analysis; Systematic Review,ABO Blood-Group System; *Gingivitis; Humans; *Periodontal Diseases/complications; *Periodontitis,Review
40576216,The Impacts of Probiotics Supplementation on the Treatment of Periodontitis: An Umbrella Meta-Analysis.,2026 Feb 1,Nutrition reviews,Tan J; Zhang D; Cheng L; Liu N; Jamali M; Jamloo H; Farjaminejad R; Lei C; Saedisomeolia A; Jamilian A,Journal Article; Meta-Analysis; Systematic Review,*Probiotics/therapeutic use/administration & dosage; Humans; *Periodontitis/therapy; *Dietary Supplements; Treatment Outcome; Periodontal Index,Review
26881700,Clinical research activity in periodontal medicine: a systematic mapping of trial registers.,2016 May,Journal of clinical periodontology,Monsarrat P; Blaizot A; Kemoun P; Ravaud P; Nabet C; Sixou M; Vergnes JN,Journal Article; Systematic Review,Cardiovascular Diseases; Diabetes Mellitus; Gingival Diseases; Humans; *Periodontal Diseases; Registries,Review
40218924,"The Role of Vitamin B Complex in Periodontal Disease: A Systematic Review Examining Supplementation Outcomes, Age Differences in Children and Adults, and Aesthetic Changes.",2025 Mar 27,Nutrients,Buzatu R; Luca MM; Bumbu BA,Journal Article; Systematic Review,Humans; *Periodontal Diseases/prevention & control; *Vitamin B Complex/administration & dosage; *Dietary Supplements; Adult; Female; Child; Male; Age Factors; Folic Acid/administration & dosage/blood; Thiamine/administration & dosage; Riboflavin/administration & dosage/blood; Middle Aged; Vitamin B 12/administration & dosage; Young Adult,Review
33904994,Association between clinical measures of gingival inflammation and obesity in adults: systematic review and meta-analyses.,2021 Jul,Clinical oral investigations,da Silva FG; Pola NM; Casarin M; Silva CFE; Muniz FWMG,Journal Article; Meta-Analysis; Systematic Review,Adult; Cross-Sectional Studies; *Gingivitis; Humans; Inflammation; Obesity/complications/epidemiology; *Periodontitis/epidemiology,Review
39794499,Does adopting a healthy diet improve periodontal parameters in patients susceptible to periodontal disease? A systematic review.,2025 Jun,Evidence-based dentistry,Glavin C; Gartshore J; Jackson G; Bonsor S,Journal Article; Systematic Review,"Humans; *Diet, Healthy; *Periodontal Diseases/diet therapy/prevention & control",Review
26932392,The effectiveness of low-level laser therapy as an adjunct to non-surgical periodontal treatment: a meta-analysis.,2017 Feb,Journal of periodontal research,Ren C; McGrath C; Jin L; Zhang C; Yang Y,Journal Article; Meta-Analysis; Systematic Review,Combined Modality Therapy; Dental Scaling/methods; Humans; Low-Level Light Therapy/*methods; Periodontitis/*radiotherapy/therapy; Root Planing/methods,Review
35061134,Role of proinflammatory mutations in peri-implantitis: systematic review and meta-analysis.,2022 Jan 21,International journal of implant dentistry,Lafuente-Ibanez de Mendoza I; Setien-Olarra A; Garcia-De la Fuente AM; Aguirre-Urizar JM; Marichalar-Mendia X,Journal Article; Meta-Analysis; Systematic Review,*Dental Implants/adverse effects; Humans; Mutation; Osseointegration; *Peri-Implantitis/genetics; *Periodontitis/genetics,Review
27585589,Do periapical and periodontal pathologies affect Schneiderian membrane appearance? Systematic review of studies using cone-beam computed tomography.,2017 Jun,Clinical oral investigations,Eggmann F; Connert T; Buhler J; Dagassan-Berndt D; Weiger R; Walter C,Journal Article; Systematic Review,*Cone-Beam Computed Tomography; Humans; Nasal Mucosa/*diagnostic imaging/*pathology; Periapical Diseases/*diagnostic imaging/*pathology; Periodontal Diseases/*diagnostic imaging/*pathology,Review
36746669,Effects of periodontal treatment on the C-reactive protein levels in hemodialysis patients: A systematic review and meta-analysis.,2024 Jan-Feb,"Special care in dentistry : official publication of the American Association of Hospital Dentists, the Academy of Dentistry for the Handicapped, and the American Society for Geriatric Dentistry",Bezerra PL; de Carvalho Junior AD; da Silva AF; Pereira NEG; da Costa SRR; de Sousa JNL; Bernardino IM,Journal Article; Meta-Analysis; Systematic Review,Humans; C-Reactive Protein; *Gingivitis; *Periodontitis; Dental Care; Renal Dialysis,Review
30154031,Bariatric surgery and periodontal status: A systematic review with meta-analysis.,2018 Oct,Surgery for obesity and related diseases : official journal of the American Society for Bariatric Surgery,Fontanille I; Boillot A; Range H; Carra MC; Sales-Peres SHC; Czernichow S; Bouchard P,Journal Article; Meta-Analysis; Systematic Review,"Bariatric Surgery/*statistics & numerical data; Female; Humans; Male; Middle Aged; Obesity, Morbid/complications/*surgery; Periodontitis/*complications; Treatment Outcome",Review
34495401,Prevalence of red and orange microbial complexes in endodontic-periodontal lesions: a systematic review and meta-analysis.,2021 Dec,Clinical oral investigations,Gambin DJ; Vitali FC; De Carli JP; Mazzon RR; Gomes BPFA; Duque TM; Trentin MS,Journal Article; Meta-Analysis; Systematic Review,*Citrus sinensis; Humans; *Microbiota; Periodontal Pocket; Porphyromonas gingivalis; Prevalence; Root Canal Therapy,Review
41253726,"Depression is associated with periodontitis, dental caries and edentulism: A systematic review and meta-analysis of observational studies.",2026 Jun,Community dental health,Kloeckner FL; Uliana JC; Kantorski KZ,Journal Article; Meta-Analysis; Review; Systematic Review,"Humans; *Dental Caries/epidemiology/psychology; *Depression/complications/epidemiology; *Periodontitis/epidemiology/psychology; Observational Studies as Topic; *Mouth, Edentulous/psychology/epidemiology",Review
24697584,Systematic review of the adjunctive use of diode and Nd:YAG lasers for nonsurgical periodontal instrumentation.,2014 Apr,Photomedicine and laser surgery,Roncati M; Gariffo A,Journal Article; Systematic Review,"Dental Scaling; Humans; Lasers, Semiconductor/*therapeutic use; Lasers, Solid-State/*therapeutic use; Periodontitis/*radiotherapy; Root Planing",Review
26329272,Efficacy of adjunctive laser in non-surgical periodontal treatment: a systematic review and meta-analysis.,2016 Jan,Lasers in medical science,Cheng Y; Chen JW; Ge MK; Zhou ZY; Yin X; Zou SJ,"Journal Article; Meta-Analysis; Research Support, Non-U.S. Gov't; Systematic Review",Chronic Periodontitis/*therapy; Humans; Laser Therapy/adverse effects/*methods; Periodontal Pocket/therapy; Treatment Outcome,Review
39185624,Association between Periodontal Diseases and the Risk of Site-Specific Gastrointestinal Cancers: A Systematic Review and Meta-Analysis.,2024 Sep,Journal of dental research,Wang Q; Gu WJ; Ning FL; Sun M; Zhao ZG; Abe MU; Li ZN; Zhang CD,Journal Article; Meta-Analysis; Systematic Review,Humans; *Gastrointestinal Neoplasms/epidemiology/etiology/prevention & control; *Periodontal Diseases/complications/diagnosis/epidemiology/therapy; Risk Factors,Review
36353241,Obesity and periodontitis: A systematic review and updated meta-analysis.,2022,Frontiers in endocrinology,Kim CM; Lee S; Hwang W; Son E; Kim TW; Kim K; Kim YH,"Journal Article; Meta-Analysis; Research Support, Non-U.S. Gov't; Systematic Review",Humans; Adolescent; Young Adult; Adult; *Periodontitis/complications/epidemiology; Obesity/complications/epidemiology; Odds Ratio; Body Weight; Brazil,Review
27617985,"A Systematic Review on the Implication of Minerals in the Onset, Severity and Treatment of Periodontal Disease.",2016 Sep 7,"Molecules (Basel, Switzerland)",Varela-Lopez A; Giampieri F; Bullon P; Battino M; Quiles JL,Journal Article; Systematic Review,Adult; *Alveolar Process/immunology/metabolism/pathology; Chronic Disease; Humans; Inflammation/immunology/metabolism/pathology/prevention & control; Minerals/*therapeutic use; Oral Health; *Periodontal Diseases/immunology/metabolism/pathology/prevention & control,Review
39343995,Periodontitis and Oral Health-Related Quality of Life: A Systematic Review and Meta-Analysis.,2025 Mar,Journal of clinical periodontology,Agnese CCD; Schoffer C; Kantorski KZ; Zanatta FB; Susin C; Antoniazzi RP,"Journal Article; Meta-Analysis; Research Support, Non-U.S. Gov't; Systematic Review",Humans; *Quality of Life; *Oral Health; *Periodontitis/psychology,Review
32052179,Clinical efficacy of minimally invasive surgical (MIS) and non-surgical (MINST) treatments of periodontal intra-bony defect. A systematic review and network meta-analysis of RCT's.,2020 Mar,Clinical oral investigations,Barbato L; Selvaggi F; Kalemaj Z; Buti J; Bendinelli E; Marca M; Cairo F,Journal Article; Network Meta-Analysis; Systematic Review,Alveolar Bone Loss/*surgery/*therapy; Humans; *Minimally Invasive Surgical Procedures; *Oral Surgical Procedures; Periodontal Pocket; Randomized Controlled Trials as Topic; Treatment Outcome,Review
32233092,Do patients with aggressive and chronic periodontitis exhibit specific differences in the subgingival microbial composition? A systematic review.,2020 Nov,Journal of periodontology,Montenegro SCL; Retamal-Valdes B; Bueno-Silva B; Duarte PM; Faveri M; Figueiredo LC; Feres M,Journal Article; Systematic Review,Aggregatibacter actinomycetemcomitans; *Aggressive Periodontitis; *Chronic Periodontitis; *Dental Plaque; Bacillota; Humans; Porphyromonas gingivalis,Review
39696713,Systematic review and meta-analysis of the association of neutrophil-to-lymphocyte ratio and platelet-to-lymphocyte ratio with periodontitis.,2024 Dec 18,European journal of medical research,Ghasemi S; Mortezagholi B; Movahed E; Ghaedi A; Bazrgar A; Abdolalizadehil S; Khanzadeh S,Journal Article; Meta-Analysis; Systematic Review,Humans; Biomarkers/blood; *Blood Platelets/immunology; Lymphocyte Count; *Lymphocytes/immunology; *Neutrophils/immunology; *Periodontitis/blood/immunology; Platelet Count/methods,Review
34692561,Comparison of Red-Complex Bacteria Between Saliva and Subgingival Plaque of Periodontitis Patients: A Systematic Review and Meta-Analysis.,2021,Frontiers in cellular and infection microbiology,Jiang Y; Song B; Brandt BW; Cheng L; Zhou X; Exterkate RAM; Crielaard W; Deng DM,"Journal Article; Meta-Analysis; Research Support, Non-U.S. Gov't; Systematic Review","Aggregatibacter actinomycetemcomitans; Humans; *Periodontitis; Porphyromonas gingivalis/genetics; RNA, Ribosomal, 16S/genetics; *Saliva; Treponema denticola/genetics",Review
41421601,Effect of dental treatments on reduction of preterm birth: a systematic review and meta-analysis.,2026 Mar,American journal of obstetrics & gynecology MFM,Thomas C; Ahmed S; Berghella V; Brignardello-Petersen R; El-Rabbany M; Devion C; Ronzoni S,Journal Article; Meta-Analysis; Review; Systematic Review,"Humans; *Premature Birth/prevention & control/epidemiology; Pregnancy; Female; *Periodontal Diseases/therapy/complications; Randomized Controlled Trials as Topic; Mouthwashes/therapeutic use; Dental Scaling/methods; Infant, Newborn; Root Planing/methods; Chlorhexidine/therapeutic use; *Pregnancy Complications/therapy",Review
28266118,"Ageing, dental caries and periodontal diseases.",2017 Mar,Journal of clinical periodontology,Lopez R; Smith PC; Gostemeyer G; Schwendicke F,Journal Article; Systematic Review,Age Factors; Aged; Aging; Cost of Illness; Dental Caries/*epidemiology; Humans; Periodontal Diseases/*epidemiology,Review
41290276,THE ASSOCIATION BETWEEN PERIODONTAL DISEASE AND STROKE RISK: A SYSTEMATIC REVIEW AND META-ANALYSIS.,2025 Dec,The journal of evidence-based dental practice,Zhang Y; Bian CE; Yu C; Zhu M; Weir MD; Xu HHK; Bai Y; Zhang N,Journal Article; Meta-Analysis; Systematic Review,Humans; *Stroke/etiology/epidemiology; *Periodontal Diseases/complications/epidemiology; Risk Factors,Review
33124761,Risk of incident cardiovascular disease in people with periodontal disease: A systematic review and meta-analysis.,2021 Feb,Clinical and experimental dental research,Larvin H; Kang J; Aggarwal VR; Pavitt S; Wu J,"Journal Article; Meta-Analysis; Research Support, Non-U.S. Gov't; Systematic Review",*Cardiovascular Diseases/epidemiology; *Coronary Disease; Humans; Longitudinal Studies; Male; *Periodontal Diseases/complications/epidemiology; *Stroke/epidemiology/etiology,Review
40981157,Artificial Intelligence Models for Diagnosis of Periodontitis Using Non-Invasive Biological Markers: A Systematic Review and Meta-Analysis of Patient-Based Studies.,2025 Sep 1,"Medical sciences (Basel, Switzerland)",Ardila CM; Vivares-Builes AM; Yadalam PK,Journal Article; Meta-Analysis; Systematic Review,Humans; *Biomarkers/analysis/metabolism; *Artificial Intelligence; *Periodontitis/diagnosis/metabolism; Saliva/chemistry; Gingival Crevicular Fluid/chemistry; Machine Learning,Review
33130400,Oral health status of patients with leukemia: a systematic review with meta-analysis.,2020 Dec,Archives of oral biology,Angst PDM; Maier J; Dos Santos Nogueira R; Manso IS; Tedesco TK,Journal Article; Meta-Analysis; Systematic Review,Adolescent; Child; Cross-Sectional Studies; *Dental Caries/epidemiology; *Gingivitis/epidemiology; Humans; *Leukemia/complications/epidemiology; *Oral Health,Review
40899377,Effect of melatonin as an adjunct to non-surgical periodontal therapy in the treatment of periodontitis: A systematic review and meta-analysis.,2025 Jul-Aug,Dental and medical problems,Kasliwal PA; Rathod S; Rathi P; Kolte AP,Journal Article; Meta-Analysis; Systematic Review,*Melatonin/therapeutic use; Humans; *Periodontitis/therapy/drug therapy; *Antioxidants/therapeutic use; Combined Modality Therapy,Review
31983534,Detection of periodontal microorganisms in coronary atheromatous plaque specimens of myocardial infarction patients: A systematic review and meta-analysis.,2021 Jan,Trends in cardiovascular medicine,Joshi C; Bapat R; Anderson W; Dawson D; Hijazi K; Cherukara G,"Journal Article; Meta-Analysis; Research Support, Non-U.S. Gov't; Systematic Review","Bacteria/classification/genetics/*isolation & purification; Coronary Artery Disease/epidemiology/*microbiology/pathology; Coronary Thrombosis/epidemiology/*microbiology/pathology; Humans; Myocardial Infarction/epidemiology/*microbiology/pathology; Periodontal Diseases/epidemiology/*microbiology; Periodontium/*microbiology; *Plaque, Atherosclerotic; Risk Factors",Review
38342946,The efficacy of combining adjuvants with non-surgical periodontal therapy in individuals with type 2 diabetes: A Bayesian network meta-analysis.,2024 May,Journal of clinical periodontology,Zanatta FB; Antoniazzi RP; Oliveira LM; Lietzan AD; Miguez PA; Susin C,"Journal Article; Network Meta-Analysis; Research Support, N.I.H., Extramural; Research Support, Non-U.S. Gov't; Systematic Review","Humans; *Diabetes Mellitus, Type 2/complications/therapy; *Bayes Theorem; *Metronidazole/therapeutic use; *Glycated Hemoglobin/analysis; *Thioctic Acid/therapeutic use; Randomized Controlled Trials as Topic; Combined Modality Therapy; Antioxidants/therapeutic use; Treatment Outcome; Periodontal Debridement/methods; Periodontal Pocket/therapy",Review
26110453,Long-Term Effect of Four Surgical Periodontal Therapies and One Non-Surgical Therapy: A Systematic Review and Meta-Analysis.,2015 Oct,Journal of periodontology,Mailoa J; Lin GH; Khoshkam V; MacEachern M; Chan HL; Wang HL,"Journal Article; Meta-Analysis; Research Support, Non-U.S. Gov't; Systematic Review",Alveolar Process/*surgery; Chronic Periodontitis/*surgery/therapy; Humans; Longitudinal Studies; Periodontal Attachment Loss/surgery/therapy; Periodontal Debridement/*methods; Periodontal Pocket/surgery/therapy; Surgical Flaps/*surgery,Review
38151010,Association between Periodontitis and Mild Cognitive Impairment: A Systematic Review and Meta-Analysis.,2024,Dementia and geriatric cognitive disorders,Lin J; Pathak JL; Shen Y; Mashrah MA; Zhong X; Chen J; Li Z; Xia J; Liang Y; Zeng Y,Journal Article; Meta-Analysis; Systematic Review,Humans; *Cognitive Dysfunction/epidemiology; *Periodontitis/epidemiology/complications; Risk Factors,Review
29846383,Association between metabolic syndrome and periodontitis: a systematic review and meta-analysis.,2018 May 24,Brazilian oral research,Daudt LD; Musskopf ML; Mendez M; Remonti LLR; Leitao CB; Gross JL; Weidlich P; Oppermann RV,Journal Article; Meta-Analysis; Systematic Review,Humans; Metabolic Syndrome/*complications/epidemiology; Observational Studies as Topic; Periodontitis/*complications/epidemiology,Review
39947772,Periodontal Disease May Be Diagnosed Using the Matrix Metalloproteinase (aMMP)-8 Point-of-Care Test.,2025 Mar,The journal of evidence-based dental practice,Tannure PN; Faustino-Silva DD,Journal Article,Adult; Humans; *Matrix Metalloproteinase 8/analysis; Periodontal Diseases/diagnosis; Periodontitis/diagnosis; Point-of-Care Systems; Point-of-Care Testing; *Saliva/enzymology; Systematic Reviews as Topic; Meta-Analysis as Topic,Review
31754752,Is there scientific evidence to support antibiotic prophylaxis in patients with periodontal disease as a means to decrease the risk of prosthetic joint infections? A systematic review.,2020 Feb,International orthopaedics,Moreira AI; Mendes L; Pereira JA,Journal Article; Systematic Review,"Anti-Bacterial Agents/*administration & dosage; *Antibiotic Prophylaxis; Arthroplasty, Replacement/*adverse effects; Humans; Joint Diseases/complications/*surgery; Periodontal Diseases/complications/*drug therapy; Prosthesis-Related Infections/etiology/*prevention & control; Risk Factors",Review
40826333,Evaluation of the association between periodontitis and inflammatory bowel disease: A systematic review and Meta-analysis.,2025 Aug 18,BMC gastroenterology,Naghsh N; Karimi F; Tarrahi MJ; Rahimi A,Journal Article; Meta-Analysis; Systematic Review,"Humans; *Periodontitis/epidemiology; *Inflammatory Bowel Diseases/complications/epidemiology; *Crohn Disease/epidemiology/complications; *Colitis, Ulcerative/epidemiology/complications; Prevalence; Risk Factors; Female",Review
40619409,Increased risk of peptic ulcer following periodontitis: a systematic review and meta-analysis.,2025 Jul 7,European journal of medical research,Motaghi A; Bayani M; Mehrafarid H; Abdolalian F; Almasi-Hashiani A,Journal Article; Meta-Analysis; Systematic Review,Humans; *Periodontitis/complications; *Peptic Ulcer/etiology/epidemiology; Risk Factors,Review
32866427,"Periodontitis, Edentulism, and Risk of Mortality: A Systematic Review with Meta-analyses.",2021 Jan,Journal of dental research,Romandini M; Baima G; Antonoglou G; Bueno J; Figuero E; Sanz M,Journal Article; Meta-Analysis; Systematic Review,*Cardiovascular Diseases; Cohort Studies; Humans; *Periodontitis; Proportional Hazards Models; Risk,Review
26436596,Role of diode lasers (800-980 nm) as adjuncts to scaling and root planing in the treatment of chronic periodontitis: a systematic review.,2015 Nov,Photomedicine and laser surgery,Qadri T; Javed F; Johannsen G; Gustafsson A,Comparative Study; Journal Article; Systematic Review,"Chronic Periodontitis/*surgery; *Dental Scaling; Humans; Lasers, Semiconductor/*therapeutic use; *Root Planing",Review
38757716,Smokeless tobacco and periodontitis: A systematic review with meta-analysis.,2024 Dec,Journal of periodontal research,Quadri MFA; Kamel AM; Nayeem M; John T; Thacheril A; Tartaglia G; Tadakamadla S,Journal Article; Meta-Analysis; Systematic Review,"Humans; *Tobacco, Smokeless/adverse effects; *Periodontitis/epidemiology; Prevalence",Review
32530988,The Association between Periodontitis and Nonalcoholic Fatty Liver Disease: A Systematic Review and Meta-analysis.,2020 Jun 3,Journal of gastrointestinal and liver diseases : JGLD,Wijarnpreecha K; Panjawatanan P; Cheungpasitporn W; Lukens FJ; Harnois DM; Pungpapong S; Ungprasert P,Journal Article; Meta-Analysis; Systematic Review,Humans; *Metabolism; *Non-alcoholic Fatty Liver Disease/epidemiology/metabolism; *Periodontitis/epidemiology/metabolism; Risk Assessment; Risk Factors,Review
40716826,"THE RELATIONSHIP BETWEEN ENTAMOEBA GINGIVALIS AND TRICHOMONAS TENAX WITH PERIODONTITIS AND GINGIVITIS: A SYSTEMATIC REVIEW, META-ANALYSIS, AND META-REGRESSION.",2025 Sep,The journal of evidence-based dental practice,Moosazadeh M; Sabeti MA; Hashemi SM; Ghazalgoo A; Mousavi T; Mahdavi S; Ghadirzadeh E,Journal Article; Meta-Analysis; Systematic Review,Humans; *Gingivitis/parasitology/microbiology/epidemiology; *Periodontitis/parasitology/microbiology/epidemiology; *Trichomonas; *Entamoeba; *Trichomonas Infections/epidemiology/complications; *Entamoebiasis/epidemiology; Prevalence,Review
38878682,The relationship between periodontal disease and cancer: Insights from a Systematic Literature Network Analysis.,2024 Aug,Cancer epidemiology,Villar A; Mendes B; Viegas M; de Aquino Alexandre AL; Paladini S; Cossatis J,Journal Article; Systematic Review,Humans; *Periodontal Diseases/epidemiology/complications; *Neoplasms/epidemiology; Bibliometrics,Review
38908794,Periodontal disease in patients with thyroid diseases: A systematic review with meta-analysis.,2024 Sep,Advances in medical sciences,Ortarzewska M; Nijakowski K; Jankowski J; Sawicka-Gutaj N; Ruchala M; Surdacka A,Journal Article; Meta-Analysis; Systematic Review,Humans; *Periodontal Diseases/complications; *Thyroid Diseases/complications/epidemiology,Review
33240369,An umbrella review of systematic reviews of the evidence of a causal relationship between periodontal disease and adverse pregnancy outcomes: A position paper from the Canadian Dental Hygienists Association.,2020 Jun 1,Canadian journal of dental hygiene : CJDH = Journal canadien de l'hygiene dentaire : JCHD,Lavigne SE; Forrest JL,"Consensus Statement; Journal Article; Research Support, Non-U.S. Gov't; Systematic Review","Adult; Canada; Dental Hygienists; Female; Humans; Infant, Newborn; *Periodontal Diseases/complications; Pregnancy; *Pregnancy Complications/epidemiology; Pregnancy Outcome; Systematic Reviews as Topic",Review
35046930,A Systematic Review and Meta-Analysis on Multiple Cytokine Gene Polymorphisms in the Pathogenesis of Periodontitis.,2021,Frontiers in immunology,Liu X; Li H,"Journal Article; Meta-Analysis; Research Support, Non-U.S. Gov't; Systematic Review","Animals; Cytokines/*genetics; Humans; Periodontitis/*genetics/*immunology; *Polymorphism, Genetic",Review
34480421,Regenerative benefits of using growth factors in treatment of periodontal defects: A systematic review and meta-analysis with Trial Sequential Analysis on preclinical studies.,2021 Nov,Journal of tissue engineering and regenerative medicine,Farimani Z; Shamshiri AR; Asl Roosta H; Akbari S; Bohlouli M,Journal Article; Meta-Analysis; Systematic Review,"Animals; Disease Models, Animal; Furcation Defects/physiopathology; Intercellular Signaling Peptides and Proteins/*pharmacology; Periodontal Ligament/drug effects/*pathology/*physiopathology; Regeneration/drug effects/*physiology",Review
41828611,Do Adjunctive Therapies with Natural Products Improve Periodontal Clinical Parameters After Non-Surgical Treatment? A Systematic Review and Meta-Analysis.,2026 Mar 4,International journal of molecular sciences,de Molon RS; Rodrigues JVS; de Avila ED; da Silva Barbirato D; Franco Moura JP; Monteiro GV; Alves MV; Theodoro LH; Vernal R; Teughels W,Journal Article; Meta-Analysis; Review; Systematic Review,Humans; *Biological Products/therapeutic use/pharmacology; *Periodontitis/drug therapy/therapy; Root Planing; Dental Scaling; Anti-Inflammatory Agents/therapeutic use; Randomized Controlled Trials as Topic,Review
40192116,Periodontitis as a risk factor for colorectal cancer: systematic review and meta-analysis.,2025 Jul 1,"Medicina oral, patologia oral y cirugia bucal",Espejo-Carrera RE; Honores-Solano TM; Ulloa-Cueva TV; Caballero-Alvarado JA; Minchon-Medina CA; Asmat-Abanto AS,Journal Article; Meta-Analysis; Systematic Review,Humans; *Colorectal Neoplasms/etiology/epidemiology; Risk Factors; *Periodontitis/complications; Male; Female,Review
35838891,Periodontal outcomes of children and adolescents with attention deficit hyperactivity disorder: a systematic review and meta-analysis.,2022 Aug,European archives of paediatric dentistry : official journal of the European Academy of Paediatric Dentistry,Drumond VZ; Andrade AA; de Arruda JAA; Mesquita RA; Abreu LG,Journal Article; Meta-Analysis; Systematic Review,Adolescent; *Attention Deficit Disorder with Hyperactivity/complications; Child; *Dental Plaque; *Gingivitis; Humans,Review
31373725,Clinical efficacy of photodynamic therapy and laser irradiation as an adjunct to open flap debridement in the treatment of chronic periodontitis: A systematic review and meta-analysis.,2020 Jan,"Photodermatology, photoimmunology & photomedicine",Akram Z; Shafqat SS; Niaz MO; Raza A; Naseem M,Journal Article; Meta-Analysis; Systematic Review,Chronic Periodontitis/*drug therapy; *Debridement; Humans; *Photochemotherapy; Randomized Controlled Trials as Topic; Treatment Outcome,Review
35279195,Prevalence of periodontal disease among Indigenous and non-Indigenous populations: protocol for systematic review and meta-analysis.,2022 Mar 12,Systematic reviews,Nath S; Poirier B; Ju X; Kapellas K; Haag D; Jamieson L,Journal Article,Humans; Indigenous Peoples; Meta-Analysis as Topic; Oral Health; *Periodontitis; Prevalence; Systematic Reviews as Topic,Review
32965050,Periodontal disease and quality of life: Umbrella review of systematic reviews.,2021 Jan,Journal of periodontal research,Wong LB; Yap AU; Allen PF,Journal Article; Systematic Review,Dental Care; Humans; Meta-Analysis as Topic; *Mouth Diseases; *Periodontal Diseases/therapy; Quality of Life; Systematic Reviews as Topic,Review
31477469,Clinical periodontal conditions in individuals after bariatric surgery: a systematic review and meta-analysis.,2019 Oct,Surgery for obesity and related diseases : official journal of the American Society for Bariatric Surgery,Dos Santos MCM; Pellizzer EP; SoutoMaior JR; Casado BGDS; Luna Gomes JM; Vasconcelos BCDE; Moraes SLD,Journal Article; Meta-Analysis; Systematic Review,Adolescent; Adult; Bariatric Surgery/*statistics & numerical data; Female; Gastrectomy/statistics & numerical data; Humans; Male; Middle Aged; Obesity/complications/*surgery; Oral Health/*statistics & numerical data; Periodontal Diseases/complications/*epidemiology; Young Adult,Review
35628390,Meta-Analysis of Two Human RNA-seq Datasets to Determine Periodontitis Diagnostic Biomarkers and Drug Target Candidates.,2022 May 17,International journal of molecular sciences,Moreno C; Bybee E; Tellez Freitas CM; Pickett BE; Weber KS,Journal Article; Meta-Analysis,Adult; Biomarkers; Chronic Disease; Gingiva; Humans; Inflammation; *Periodontitis/diagnosis/drug therapy/genetics; RNA-Seq,Review
39201285,Does Vitamin C Supplementation Provide a Protective Effect in Periodontal Health? A Systematic Review and Meta-Analysis.,2024 Aug 7,International journal of molecular sciences,Buzatu R; Luca MM; Bumbu BA,Journal Article; Meta-Analysis; Systematic Review,*Ascorbic Acid/therapeutic use/administration & dosage; Humans; *Dietary Supplements; *Periodontal Diseases/prevention & control/drug therapy,Review
28875830,Is there an Association Between Periodontitis and Atherosclerosis in Adults? A Systematic Review.,2018,Current vascular pharmacology,Almeida APCPSC; Fagundes NCF; Maia LC; Lima RR,Journal Article; Systematic Review,Adult; Age Factors; Aged; Atherosclerosis/diagnosis/*epidemiology/immunology/microbiology; Bacteria/immunology; C-Reactive Protein/immunology/metabolism; Diabetes Mellitus/epidemiology; Female; Host-Pathogen Interactions; Humans; Inflammation Mediators/blood/immunology; Interleukin-6/blood/immunology; Male; Middle Aged; Periodontitis/diagnosis/*epidemiology/immunology/microbiology; Prognosis; Risk Factors; Sex Factors; Smoking/adverse effects/epidemiology,Review
29359889,Periodontal and chronic kidney disease association: A systematic review and meta-analysis.,2019 Feb,"Nephrology (Carlton, Vic.)",Kapellas K; Singh A; Bertotti M; Nascimento GG; Jamieson LM,Journal Article; Meta-Analysis; Systematic Review,"Adult; Aged; Female; Humans; Kidney/physiopathology; Male; Middle Aged; Observational Studies as Topic; Periodontal Diseases/diagnosis/*epidemiology; Prognosis; Renal Insufficiency, Chronic/diagnosis/*epidemiology/physiopathology; Risk Assessment; Risk Factors; Young Adult",Review
30803450,Screening for periodontal diseases by non-dental health professionals: a protocol for a systematic review and overview of reviews.,2019 Feb 25,Systematic reviews,Teufer B; Sommer I; Nussbaumer-Streit B; Titscher V; Bruckmann C; Klerings I; Gartlehner G,"Journal Article; Research Support, Non-U.S. Gov't",Adult; Humans; *Mass Screening/methods; Periodontal Diseases/*diagnosis; *Physical Examination; *Primary Health Care; Research Design; Risk Assessment; Systematic Reviews as Topic,Review
30388570,Comparative analysis of blood parameters of the erythrocyte lineage between patients with chronic periodontitis and healthy patients: Results obtained from a meta-analysis.,2019 Jan,Archives of oral biology,Franca LFC; da Silva FRP; di Lenardo D; Alves EHP; Nascimento HMS; da Silva IAT; Vasconcelos ACCG; Vasconcelos DFP,Comparative Study; Journal Article; Meta-Analysis; Review,Case-Control Studies; Chronic Periodontitis/*blood; *Erythrocyte Indices; Humans,Review
33397446,Efficacy of vitamin C supplementation as an adjunct in the non-surgical management of periodontitis: a systematic review.,2021 Jan 4,Systematic reviews,Fageeh HN; Fageeh HI; Prabhu A; Bhandi S; Khan S; Patil S,Journal Article; Systematic Review,Ascorbic Acid/therapeutic use; Dietary Supplements; Humans; *Periodontitis/drug therapy; Vitamins/therapeutic use,Review
21119126,The effectiveness of periodontal disease treatment during pregnancy in reducing the risk of experiencing preterm birth and low birth weight: a meta-analysis.,2010 Dec,Journal of the American Dental Association (1939),Uppal A; Uppal S; Pinto A; Dutta M; Shrivatsa S; Dandolu V; Mupparapu M,Journal Article; Meta-Analysis,"Female; Humans; *Infant, Low Birth Weight; Infant, Newborn; Periodontal Diseases/epidemiology/*therapy; Pregnancy; Pregnancy Complications, Infectious/epidemiology/prevention & control; Premature Birth/*epidemiology/prevention & control; Randomized Controlled Trials as Topic; Risk Assessment; Risk Factors; Treatment Outcome",Review
35132470,Does oral lichen planus aggravate the state of periodontal disease? A systematic review and meta-analysis.,2022 Apr,Clinical oral investigations,Nunes GP; Pirovani BO; Nunes LP; Silva ANA; Morabito MJSD; Nunes-Junior NA; Delbem ACB; Ferrisse TM,Journal Article; Meta-Analysis; Systematic Review,"*Gingivitis/microbiology; Humans; *Lichen Planus, Oral/complications; *Periodontal Diseases/complications; Periodontal Index; *Periodontitis",Review
33438084,Bone replacement grafts with guided tissue regeneration in treatment of grade II furcation defects: a systematic review and meta-analysis.,2021 Mar,Clinical oral investigations,Swami RK; Kolte AP; Bodhare GH; Kolte RA,Journal Article; Meta-Analysis; Systematic Review,"*Alveolar Bone Loss/surgery; Bone Regeneration; Bone Transplantation; Follow-Up Studies; *Furcation Defects/surgery; Guided Tissue Regeneration, Periodontal; Humans; Membranes, Artificial; Periodontal Attachment Loss; Treatment Outcome",Review
33926447,Effectiveness of beta-tricalcium phosphate in comparison with other materials in treating periodontal infra-bony defects around natural teeth: a systematic review and meta-analysis.,2021 Apr 29,BMC oral health,Jasser RA; AlSubaie A; AlShehri F,Journal Article; Meta-Analysis; Systematic Review,"*Alveolar Bone Loss/surgery; Bone Regeneration; *Bone Substitutes/therapeutic use; Calcium Phosphates/therapeutic use; Guided Tissue Regeneration, Periodontal; Humans; Periodontal Attachment Loss/surgery; Treatment Outcome",Review
27888163,Antimicrobial photodynamic therapy adjuvant to non-surgical periodontal therapy in patients with diabetes mellitus: A meta-analysis.,2017 Mar,Photodiagnosis and photodynamic therapy,Abduljabbar T; Vohra F; Javed F; Akram Z,Journal Article; Meta-Analysis; Review,"Adult; Aged; Chronic Periodontitis/*epidemiology/*therapy; Combined Modality Therapy; Dental Scaling/*methods; Diabetes Mellitus, Type 2/*epidemiology; Female; Humans; Male; Middle Aged; Photochemotherapy/*methods; Randomized Controlled Trials as Topic; Root Planing/methods",Review
32572640,Pharmacological management of pain after periodontal surgery: a systematic review with meta-analysis.,2020 Aug,Clinical oral investigations,Caporossi LS; Dos Santos CS; Calcia TBB; Cenci MS; Muniz FWMG; da Silveira Lima G,Journal Article; Meta-Analysis; Systematic Review,"Anti-Inflammatory Agents, Non-Steroidal; Humans; Pain Management; Pain Measurement; *Postoperative Pain/drug therapy; Periodontal Diseases/*surgery",Review
23657600,"Association between tumor necrosis factor-alpha promoter -308 A/G, -238 A/G, interleukin-6 -174 G/C and -572 G/C polymorphisms and periodontal disease: a meta-analysis.",2013 Aug,Molecular biology reports,Song GG; Choi SJ; Ji JD; Lee YH,"Journal Article; Meta-Analysis; Research Support, Non-U.S. Gov't","Ethnicity/genetics; Genetic Association Studies; Genetic Predisposition to Disease/*genetics; Humans; Interleukin-6/*genetics; Periodontal Diseases/*ethnology/*genetics; Polymorphism, Single Nucleotide/*genetics; Promoter Regions, Genetic/*genetics; PubMed; Tumor Necrosis Factor-alpha/*genetics",Review
35156296,Airflow for initial nonsurgical treatment of peri-implantitis: A systematic review and meta-analysis.,2022 Apr,Clinical implant dentistry and related research,Atieh MA; Almatrooshi A; Shah M; Hannawi H; Tawse-Smith A; Alsabeeha NHM,Journal Article; Meta-Analysis; Systematic Review,*Dental Implants/adverse effects; Humans; *Peri-Implantitis/surgery,Review
24111550,Comparison of treatment effects of guided tissue regeneration on infrabony lesions between animal and human studies: a systematic review and meta-analysis.,2014 Aug,Journal of periodontal research,Yen CC; Tu YK; Chen TH; Lu HK,Comparative Study; Journal Article; Meta-Analysis; Systematic Review,"Alveolar Bone Loss/*surgery; Animals; Bone Transplantation/methods; Cementogenesis/physiology; Disease Models, Animal; Guided Tissue Regeneration, Periodontal/*standards; Humans; Osteogenesis/physiology; Treatment Outcome",Review
40066869,Periodontitis and Platelets Status: A Systematic Review With Meta-Analysis and Trial Sequential Analysis.,2025 Sep,Journal of periodontal research,Sokos D; Laine ML; Nicu EA; Chung KHL; Sluijk NDQ; Slot DE; Bizzarro S,Journal Article; Meta-Analysis; Systematic Review,Humans; Platelet Count; *Periodontitis/blood; *Blood Platelets/physiology; Mean Platelet Volume; Biomarkers/blood; Platelet Activation,Review
33650836,Periodontal disease and the risk of prostate cancer: a meta-analysis of cohort studies.,2021 Nov-Dec,International braz j urol : official journal of the Brazilian Society of Urology,Guo Z; Gu C; Li S; Gan S; Li Y; Xiang S; Gong L; Wang S,Journal Article; Meta-Analysis; Review,Cohort Studies; Humans; *Lung Neoplasms; Male; *Periodontal Diseases/complications/epidemiology; Proportional Hazards Models; *Prostatic Neoplasms/epidemiology,Review
38881240,"The assessment of glutathione, glutathione peroxidase, glutathione reductase, and oxidized glutathione in patients with periodontitis-A systematic review and meta-analysis.",2024 Jun,Clinical and experimental dental research,Mohideen K; Krithika C; Jeyanthikumari T; Vani NV; Dhungel S; Ghosh S,Journal Article; Meta-Analysis; Systematic Review,Humans; *Periodontitis/diagnosis/blood/metabolism; *Glutathione Peroxidase/metabolism; *Glutathione/metabolism; *Glutathione Reductase/metabolism; Glutathione Disulfide/metabolism/blood; Gingival Crevicular Fluid/chemistry; Antioxidants/metabolism/analysis,Review
34501547,Immunological Traits of Patients with Coexistent Inflammatory Bowel Disease and Periodontal Disease: A Systematic Review.,2021 Aug 25,International journal of environmental research and public health,de Mello-Neto JM; Nunes JGR; Tadakamadla SK; da Silva Figueredo CM,"Journal Article; Research Support, Non-U.S. Gov't; Systematic Review",Cross-Sectional Studies; Gingival Crevicular Fluid; Humans; *Inflammatory Bowel Diseases/epidemiology; *Periodontal Diseases/epidemiology; *Periodontitis,Review
29966238,Interferon Crevicular Fluid Profile and Correlation with Periodontal Disease and Wound Healing: A Systemic Review of Recent Data.,2018 Jun 29,International journal of molecular sciences,Fiorillo L; Cervino G; Herford AS; Lauritano F; D'Amico C; Lo Giudice R; Laino L; Troiano G; Crimi S; Cicciu M,Journal Article; Systematic Review,Animals; Humans; *Gingival Crevicular Fluid/metabolism; *Interferons/metabolism; *Periodontal Diseases/immunology/metabolism; *Wound Healing/physiology,Review
33068648,Periodontitis and circulating blood cell profiles: a systematic review and meta-analysis.,2021 Jan,Experimental hematology,Botelho J; Machado V; Hussain SB; Zehra SA; Proenca L; Orlandi M; Mendes JJ; D'Aiuto F,"Journal Article; Meta-Analysis; Research Support, Non-U.S. Gov't; Systematic Review",Blood Cell Count; *Blood Cells/cytology/pathology; Blood Sedimentation; Humans; Mean Platelet Volume; Periodontitis/*blood/pathology/therapy,Review
28013438,Outcomes of implant therapy in patients with a history of aggressive periodontitis. A systematic review and meta-analysis.,2017 Mar,Clinical oral investigations,Theodoridis C; Grigoriadis A; Menexes G; Vouros I,Journal Article; Meta-Analysis; Systematic Review,"Aggressive Periodontitis/*complications/diagnostic imaging/therapy; *Dental Implantation, Endosseous; Humans; Jaw, Edentulous, Partially/*surgery; Treatment Outcome",Review
37689446,ASSOCIATION OF ORAL MICROBIOTA AND PERIODONTAL DISEASE WITH LUNG CANCER: A SYSTEMATIC REVIEW AND META-ANALYSIS.,2023 Sep,The journal of evidence-based dental practice,Zhang K; He C; Qiu Y; Li X; Hu J; Fu B,"Journal Article; Meta-Analysis; Research Support, Non-U.S. Gov't; Systematic Review",Humans; *Lung Neoplasms; Case-Control Studies; *Microbiota; *Periodontal Diseases; Research Design,Review
31715080,Periodontitis and respiratory diseases: A systematic review with meta-analysis.,2020 Mar,Oral diseases,Gomes-Filho IS; Cruz SSD; Trindade SC; Passos-Soares JS; Carvalho-Filho PC; Figueiredo ACMG; Lyrio AO; Hintz AM; Pereira MG; Scannapieco F,Journal Article; Meta-Analysis; Systematic Review,"Asthma/*complications; Humans; Periodontitis/*complications; Pneumonia/*complications; Pulmonary Disease, Chronic Obstructive/*complications",Review
27498712,Efficacy of Local and Systemic Antimicrobials in the Non-Surgical Treatment of Smokers With Chronic Periodontitis: A Systematic Review.,2016 Nov,Journal of periodontology,Chambrone L; Vargas M; Arboleda S; Serna M; Guerrero M; de Sousa J; Lafaurie GI,Journal Article; Systematic Review,Anti-Bacterial Agents; Anti-Infective Agents/*therapeutic use; Chronic Periodontitis/*drug therapy; *Dental Scaling; Follow-Up Studies; Humans; Periodontal Attachment Loss; Randomized Controlled Trials as Topic; Root Planing; *Smokers,Review
38501242,Periodontitis and risk of mortality in patients with chronic kidney disease: A systematic review with meta-analysis.,2024 Oct,Journal of periodontal research,Wu H; Wang S; Wei Z,Journal Article; Meta-Analysis; Systematic Review,"Humans; *Cardiovascular Diseases/mortality/complications; Cause of Death; *Periodontitis/complications/epidemiology; *Renal Insufficiency, Chronic/complications/mortality; Risk Factors",Review
27567495,Resistin as potential biomarker for chronic periodontitis: A systematic review and meta-analysis.,2017 Jan,Archives of oral biology,Akram Z; Rahim ZH; Taiyeb-Ali TB; Shahdan MS; Baharuddin NA; Vaithilingam RD; Safii SH,Journal Article; Meta-Analysis; Systematic Review,Biomarkers/blood; Chronic Periodontitis/*blood/metabolism; Cytokines/blood; Gingival Crevicular Fluid/metabolism; Humans; Randomized Controlled Trials as Topic; Resistin/*blood,Review
33438165,Efficacy of antimicrobial photodynamic therapy (aPDT) for nonsurgical treatment of periodontal disease: a systematic review.,2021 Oct,Lasers in medical science,Moro MG; de Carvalho VF; Godoy-Miranda BA; Kassa CT; Horliana ACRT; Prates RA,Journal Article; Systematic Review,*Anti-Infective Agents/therapeutic use; *Chronic Periodontitis/drug therapy; Combined Modality Therapy; Dental Scaling; Humans; *Photochemotherapy; Photosensitizing Agents/therapeutic use; Root Planing,Review
27463711,"Role of Lipids in the Onset, Progression and Treatment of Periodontal Disease. A Systematic Review of Studies in Humans.",2016 Jul 25,International journal of molecular sciences,Varela-Lopez A; Giampieri F; Bullon P; Battino M; Quiles JL,Journal Article; Systematic Review,Disease Progression; Humans; Lipids/*analysis/chemistry; Periodontal Diseases/*drug therapy/metabolism/*pathology,Review
39806539,Diagnostic Accuracy of a Point-Of-Care aMMP-8 Test for Discriminating Periodontal Health Status in Adults: Validation Trials and Updated Meta-Analysis.,2025 Apr,Journal of clinical periodontology,Li Y; Kung JCK; Shi J; Wu X; Lam SLT; Deng K; Zhang X; Lai H; Pelekos G; Jin L; Tonetti MS,"Journal Article; Meta-Analysis; Research Support, Non-U.S. Gov't; Systematic Review",Humans; *Periodontitis/diagnosis; *Matrix Metalloproteinase 8/analysis; Adult; *Point-of-Care Systems; Sensitivity and Specificity; China; Male; Hong Kong; Female; Middle Aged; Biomarkers/analysis,Review
28359872,Microbial colonization at the implant-abutment interface and its possible influence on periimplantitis: A systematic review and meta-analysis.,2017 Jul,Journal of prosthodontic research,Tallarico M; Canullo L; Caneva M; Ozcan M,Journal Article; Meta-Analysis; Systematic Review,"*Bacterial Load; Databases, Bibliographic; Dental Abutments/*microbiology; *Dental Implant-Abutment Design; Dental Implants/*microbiology; Gram-Negative Bacteria/isolation & purification/pathogenicity; Humans; Peri-Implantitis/*etiology/*microbiology",Review
34532500,Association between Periodontitis and Carotid Artery Calcification: A Systematic Review and Meta-Analysis.,2021,BioMed research international,Wang W; Yang Z; Wang Y; Gao H; Wang Y; Zhang Q,Journal Article; Meta-Analysis; Systematic Review,Calcinosis/*physiopathology; Carotid Arteries/metabolism/*physiopathology; Carotid Artery Diseases/physiopathology; Coronary Artery Disease/physiopathology; Humans; Joint Diseases/*physiopathology; Odds Ratio; Periodontitis/metabolism/*physiopathology; Risk Assessment/methods; Risk Factors; Vascular Diseases/*physiopathology,Review
33617973,Periodontal therapy and treatment of hypertension-alternative to the pharmacological approach. A systematic review and meta-analysis.,2021 Apr,Pharmacological research,Sharma S; Sridhar S; McIntosh A; Messow CM; Aguilera EM; Del Pinto R; Pietropaoli D; Gorska R; Siedlinski M; Maffia P; Tomaszewski M; Guzik TJ; D'Aiuto F; Czesnikiewicz-Guzik M,"Journal Article; Meta-Analysis; Research Support, Non-U.S. Gov't; Systematic Review",Antihypertensive Agents/therapeutic use; Blood Pressure/drug effects; Heart Disease Risk Factors; Humans; Hypertension/etiology/*therapy; Periodontitis/complications/*therapy,Review
40696655,Non-surgical treatment of cyclosporin A-induced gingival overgrowth: A systematic review and meta-analysis.,2025 Jul 18,Medicine,Hu J; Ruan Y; Lin N; Zhang Y; Mao X; Bai J; Yang X; Liu S; Lv X,Journal Article; Meta-Analysis; Systematic Review,Humans; *Cyclosporine/adverse effects; *Gingival Overgrowth/chemically induced/therapy; *Immunosuppressive Agents/adverse effects; Randomized Controlled Trials as Topic,Review
28048966,Bone Density and Clinical Periodontal Attachment in Postmenopausal Women: A Systematic Review and Meta-Analysis.,2017 Mar,Journal of dental research,Penoni DC; Fidalgo TK; Torres SR; Varela VM; Masterson D; Leao AT; Maia LC,Journal Article; Meta-Analysis; Systematic Review,"*Bone Density; Bone Diseases, Metabolic/*complications; Female; Humans; Osteoporosis, Postmenopausal/*complications; Periodontal Attachment Loss/*etiology; Risk Factors",Review
22612370,A systematic review of the use of growth factors in human periodontal regeneration.,2013 Apr,Journal of periodontology,Darby IB; Morris KH,"Comparative Study; Journal Article; Meta-Analysis; Research Support, Non-U.S. Gov't; Systematic Review","Alveolar Bone Loss/*drug therapy; Alveolar Ridge Augmentation/methods; Becaplermin; Bone Regeneration/*drug effects; Calcium Phosphates/therapeutic use; Drug Carriers/pharmacology; Furcation Defects/drug therapy; Guided Tissue Regeneration, Periodontal/*methods; Humans; Platelet-Derived Growth Factor/*pharmacology/*therapeutic use; Proto-Oncogene Proteins c-sis/pharmacology/therapeutic use; Recombinant Proteins/pharmacology/therapeutic use",Review
30622957,Chronic Periodontitis Case Definitions and Confounders in Periodontal Research: A Systematic Assessment.,2018,BioMed research international,Natto ZS; Abu Ahmad RH; Alsharif LT; Alrowithi HF; Alsini DA; Salih HA; Bissada NF,Journal Article; Systematic Review,Age Factors; Chronic Periodontitis/*classification/*diagnosis/*epidemiology/*therapy; Female; Humans; Male; Sex Factors,Review
26465940,Periodontitis and arterial stiffness: a systematic review and meta-analysis.,2015 Nov,Journal of clinical periodontology,Schmitt A; Carra MC; Boutouyrie P; Bouchard P,Journal Article; Meta-Analysis; Systematic Review,Cardiovascular Diseases; Humans; *Periodontitis; Pulse Wave Analysis; Risk Factors; *Vascular Stiffness,Review
40337896,Evaluating the Performance and Implementation of the 2018 Classification of Periodontal Diseases: A Systematic Review and Survey.,2025 Aug,Journal of clinical periodontology,West NX; Gormley A; Pollard AJ; Izzetti R; Marruganti C; Graziani F,"Journal Article; Research Support, Non-U.S. Gov't; Systematic Review",Humans; *Periodontal Diseases/classification/diagnosis; Reproducibility of Results; Surveys and Questionnaires,Review
40768114,Inflammatory Association between Periodontal Disease and Systemic Health.,2025 Dec,Inflammation,Hasan F; Tandon A; AlQallaf H; John V; Sinha M; Gibson MP,Journal Article; Systematic Review,Humans; Cardiovascular Diseases; *Inflammation; *Periodontal Diseases/complications; Periodontitis,Review
40342059,Pre-Emptive Analgesia for Periodontal and Implant-Related Surgery: A Systematic Review and Meta-Analysis.,2025 Aug,Journal of clinical periodontology,Gousias C; Alsuwaiyan Z; Fial A; Han S; Tatakis DN; Kofina V,"Journal Article; Network Meta-Analysis; Research Support, N.I.H., Extramural; Systematic Review","Humans; *Postoperative Pain/prevention & control; Acetaminophen/therapeutic use; Anti-Inflammatory Agents, Non-Steroidal/therapeutic use; *Periodontal Diseases/surgery; Dental Implantation, Endosseous; Randomized Controlled Trials as Topic; *Analgesics/therapeutic use; Adrenal Cortex Hormones/therapeutic use; Analgesics, Non-Narcotic/therapeutic use; Dental Implants; *Analgesia/methods",Review
39382084,Benefits of Dental Scaling and Polishing in Adults: A Rapid Review and Evidence Synthesis.,2025 Jul,JDR clinical and translational research,Matthews DC; Al-Waeli H,Journal Article; Systematic Review,Humans; Adult; *Dental Scaling/methods/economics; *Periodontitis/therapy; *Dental Polishing/methods/economics; Quality of Life; Oral Health; Canada; Dental Care,Review
31433392,Epigenetics and periodontics: A systematic review.,2019 Sep 1,"Medicina oral, patologia oral y cirugia bucal",Alminana-Pastor PJ; Boronat-Catala M; Mico-Martinez P; Bellot-Arcis C; Lopez-Roldan A; Alpiste-Illueca FM,Journal Article; Meta-Analysis; Systematic Review,"Epigenesis, Genetic; Gingival Crevicular Fluid; Humans; *Periodontal Diseases; Periodontics; *Periodontitis",Review
38306335,Periodontal health status in systemic sclerosis patients: Systematic review and meta-analysis.,2024,PloS one,Sredojevic S; Colak D; Gaspersic R; Pavlov Dolijanovic S; Jakovljevic A; Nikolic-Jakoba N,Journal Article; Meta-Analysis; Systematic Review,"Humans; *Scleroderma, Systemic/complications/epidemiology; *Periodontitis/complications/epidemiology; Gingivitis/epidemiology/complications; Periodontal Index; Prevalence; Health Status; Periodontal Diseases/complications/epidemiology",Review
41997481,Alzheimer's disease and periodontal disease: uncovering the association through systematic review and meta-analysis.,2026 Jun-Jul,Revista clinica espanola,Ridho FM; Irmawati A; Wicaksana AP; Alfatah R; Labib R,Journal Article; Meta-Analysis; Systematic Review,Humans; *Alzheimer Disease/complications/epidemiology; *Periodontal Diseases/complications/epidemiology,Review
29396642,The effect of statins on periodontal treatment-a systematic review with meta-analyses and meta-regression.,2018 Mar,Clinical oral investigations,Muniz FWMG; Taminski K; Cavagni J; Celeste RK; Weidlich P; Rosing CK,Journal Article; Meta-Analysis; Systematic Review,Dental Scaling; Humans; Hydroxymethylglutaryl-CoA Reductase Inhibitors; Periodontal Attachment Loss/drug therapy; Periodontal Diseases/*drug therapy; Periodontal Index; Periodontal Pocket/drug therapy; Root Planing,Review
38865020,Antimicrobial photodynamic therapy in the nonsurgical treatment of periodontitis in patients with HIV infection: a systematic review and meta-analysis.,2024 Jun 12,Lasers in medical science,Nunes GP; de Oliveira Alves R; Ragghianti MHF; Martins TP; Dos Reis Prado AH; Nunes LP; Poli MCF; Silva ANA; Benetti F,Journal Article; Meta-Analysis; Systematic Review,Humans; *Photochemotherapy/methods; *HIV Infections/complications/drug therapy; *Periodontitis/therapy/drug therapy/microbiology; Anti-Infective Agents/therapeutic use/administration & dosage,Review
25255820,Is frequency of tooth brushing a risk factor for periodontitis? A systematic review and meta-analysis.,2015 Apr,Community dentistry and oral epidemiology,Zimmermann H; Zimmermann N; Hagenfeld D; Veile A; Kim TS; Becher H,"Journal Article; Meta-Analysis; Research Support, Non-U.S. Gov't; Systematic Review","Adolescent; Adult; Aged; Aged, 80 and over; Female; Humans; Male; Middle Aged; Periodontitis/*etiology; Risk Factors; Toothbrushing/*adverse effects/statistics & numerical data; Young Adult",Review
39104153,Association Between Proton Pump Inhibitor Use and the Severity of Periodontal Disease and Peri-Implantitis: A Systematic Review.,2024 Dec 1,The Journal of oral implantology,Vedaei A; Salimi Y; Iranshahi Z; Sadighnia N; Taheri H; Eyvani M; Bagherianlemraski M; Taheri Z; Khanmohammadi MM; Bina S; Kavousi A; Bagheri-Hosseini S; Mosaddad SA; Azimi N; Valipour R; Atarodi SM; Deravi N,Journal Article; Systematic Review,Humans; *Peri-Implantitis/etiology; *Proton Pump Inhibitors/adverse effects/therapeutic use; Periodontal Diseases/etiology; Dental Restoration Failure; Dental Implants/adverse effects; Severity of Illness Index,Review
39914768,Association between Apical Periodontitis and Autoimmune Diseases: A Systematic Review with Meta-analysis.,2025 May,Journal of endodontics,do Nascimento TAM; Verner FS; Lemos CAA; Junqueira RB,Journal Article; Meta-Analysis; Systematic Review,Humans; *Autoimmune Diseases/complications; *Periapical Periodontitis/complications/immunology,Review
37787044,Adjunctive use of omega-3 fatty acids in combination with low-dose aspirin in periodontitis: Systematic review and meta-analysis.,2023 Dec,Journal of periodontal research,Neprelyuk OA; Zhad'ko SI; Romanenko IG; Kriventsov MA,Journal Article; Meta-Analysis; Systematic Review,"Humans; Adolescent; *Periodontitis/drug therapy; Aspirin/therapeutic use; *Fatty Acids, Omega-3/therapeutic use; Periodontal Index; Immunologic Factors/therapeutic use",Review
40609797,Effectiveness of probiotic therapy as an adjunct in the management of periodontal disease in type 2 diabetics: A systematic review and meta-analysis.,2025 Aug,Diabetes research and clinical practice,Yuqi W; Hangying X; Ruyi Y; Xiaolan Z; Yajing C,Journal Article; Meta-Analysis; Systematic Review,"Humans; *Probiotics/therapeutic use; *Diabetes Mellitus, Type 2/complications; *Periodontal Diseases/therapy/complications/drug therapy; Randomized Controlled Trials as Topic",Review
39000324,Therapeutic Strategies and Genetic Implications for Periodontal Disease Management: A Systematic Review.,2024 Jun 29,International journal of molecular sciences,Laforgia A; Inchingolo AD; Piras F; Colonna V; Giorgio RV; Carone C; Rapone B; Malcangi G; Inchingolo AM; Inchingolo F; Palermo A; Dipalma G,Journal Article; Systematic Review,Humans; *Periodontal Diseases/therapy/microbiology/genetics; Microbiota; Anti-Bacterial Agents/therapeutic use; Probiotics/therapeutic use,Review
35122603,Pulmonary disease and periodontal health: a meta-analysis.,2022 Dec,Sleep & breathing = Schlaf & Atmung,Wu Z; Xiao C; Chen F; Wang Y; Guo Z,Journal Article; Meta-Analysis,"Humans; *Periodontal Diseases/epidemiology/complications; Odds Ratio; *Asthma/complications; Causality; *Pulmonary Disease, Chronic Obstructive/diagnosis/epidemiology/complications",Review
39881261,Oral health in patients with cleft lip and palate: a systematic literature review and meta-analysis of periodontal and dental disease and oral microbiota (part 1).,2025 Jan 29,BMC oral health,Pardo A; Vanti V; Lonardi F; Signoriello A; Lobbia G; Lombardo G; Trevisiol L; D'Agostino A,Journal Article; Meta-Analysis; Systematic Review,Humans; *Cleft Lip/complications/microbiology; *Cleft Palate/complications/microbiology; *Oral Health; *Periodontal Diseases/microbiology/complications; *Microbiota; Dental Caries/microbiology; *Mouth/microbiology,Review
26926312,Host-derived salivary biomarkers in diagnosing periodontal disease: systematic review and meta-analysis.,2016 Jun,Journal of clinical periodontology,de Lima CL; Acevedo AC; Grisi DC; Taba M Jr; Guerra E; De Luca Canto G,Journal Article; Meta-Analysis; Systematic Review,Biomarkers; Humans; Interleukin-1beta; Interleukin-6; *Periodontal Diseases; Saliva,Review
28178139,Epstein-Barr virus is associated with periodontal diseases: A meta-analysis based on 21 case-control studies.,2017 Feb,Medicine,Gao Z; Lv J; Wang M,Journal Article; Meta-Analysis,"Case-Control Studies; *Herpesvirus 4, Human; Humans; Periodontitis/*virology",Review
39468505,Periodontal disease and cardiovascular disease: umbrella review.,2024 Oct 28,BMC oral health,Arbildo-Vega HI; Cruzado-Oliva FH; Coronel-Zubiate FT; Meza-Malaga JM; Lujan-Valencia SA; Lujan-Urviola E; Echevarria-Goche A; Farje-Gallardo CA; Castillo-Cornock TB; Serquen-Olano K; Padilla-Caceres T; Caballero-Apaza L; Aguirre-Ipenza R,Journal Article; Systematic Review,Humans; *Cardiovascular Diseases/complications; *Periodontal Diseases/complications; Risk Factors,Review
33112857,The prevalence of fimA genotypes of Porphyromonas gingivalis in patients with chronic periodontitis: A meta-analysis.,2020,PloS one,Wang H; Zhang W; Wang W; Zhang L,"Journal Article; Meta-Analysis; Research Support, Non-U.S. Gov't",Bacterial Proteins/genetics/*metabolism; Chronic Periodontitis/*microbiology; Fimbriae Proteins/genetics/metabolism; Genotype; Humans; Porphyromonas gingivalis/*genetics/*pathogenicity; Software,Review
37899443,Effectiveness of chlorhexidine gels and chips in Periodontitis Patients after Scaling and Root Planing: a systematic review and Meta-analysis.,2023 Oct 29,BMC oral health,Annisa ZU; Sulijaya B; Tadjoedin ESS; Hutomo DI; Masulili SLC,"Journal Article; Meta-Analysis; Research Support, Non-U.S. Gov't; Systematic Review","Humans; Chlorhexidine/therapeutic use; Root Planing; *Anti-Infective Agents, Local/therapeutic use; Dental Scaling; *Periodontitis/drug therapy; Gels",Review
37899063,Is There an Association Between Parkinson's Disease and Periodontitis? A Systematic Review and Meta-Analysis.,2023,Journal of Parkinson's disease,Chen Y; Jin Y; Li K; Qiu H; Jiang Z; Zhu J; Chen S; Xie W; Chen G; Yang D,"Journal Article; Meta-Analysis; Research Support, Non-U.S. Gov't; Systematic Review",Humans; *Parkinson Disease/complications/epidemiology; *Periodontitis/complications/epidemiology; Prevalence,Review
31834951,"The adjunctive use of host modulators in non-surgical periodontal therapy. A systematic review of randomized, placebo-controlled clinical studies.",2020 Jul,Journal of clinical periodontology,Donos N; Calciolari E; Brusselaers N; Goldoni M; Bostanci N; Belibasakis GN,Journal Article; Meta-Analysis; Systematic Review,Anti-Bacterial Agents/therapeutic use; *Anti-Infective Agents; Dental Care; Dental Scaling; Doxycycline; Humans; *Periodontitis/drug therapy; Randomized Controlled Trials as Topic,Review
23237585,The frequency of peri-implant diseases: a systematic review and meta-analysis.,2013 Nov,Journal of periodontology,Atieh MA; Alsabeeha NH; Faggion CM Jr; Duncan WJ,Journal Article; Meta-Analysis; Systematic Review,Dental Implants/*statistics & numerical data; Humans; Peri-Implantitis/*epidemiology; Prevalence; Risk Factors; Smoking/epidemiology; Stomatitis/*epidemiology,Review
39620241,Salivary Proteomics for Detecting Novel Biomarkers of Periodontitis: A Systematic Review.,2025 Jul,Journal of periodontal research,Corana M; Baima G; Iaderosa G; Franco F; Zhang J; Berta GN; Romano F; Aimetti M,Journal Article; Systematic Review,Humans; *Proteomics/methods; *Biomarkers/analysis/metabolism; *Periodontitis/diagnosis/metabolism; *Saliva/chemistry; *Salivary Proteins and Peptides/analysis/metabolism; Gingivitis/metabolism/diagnosis,Review
42153869,Association between periodontal disease and rheumatoid arthritis: A systematic review and meta-analysis.,2026 Mar-Apr,Dental and medical problems,Alyafei S; Joseph B; Adam A; Anil S,Journal Article; Meta-Analysis; Review; Systematic Review,"*Arthritis, Rheumatoid/complications/epidemiology; Humans; *Periodontitis/epidemiology; *Periodontal Diseases/epidemiology/complications; Risk Factors",Review
38233799,Gene sequencing applications to combat oral-cavity related disorders: a systematic review with meta-analysis.,2024 Jan 17,BMC oral health,Abdul NS; Shenoy M; Reddy NR; Sangappa SB; Shivakumar GC; Di Blasio M; Cicciu M; Minervini G,"Journal Article; Meta-Analysis; Research Support, Non-U.S. Gov't; Systematic Review",Humans; *Dental Caries; *Cleft Lip; *Cleft Palate; *Mouth Diseases/genetics; *Mouth Neoplasms/diagnosis/genetics; *Periodontal Diseases/genetics,Review
33643418,An umbrella review of systematic reviews examining the relationship between type 2 diabetes and periodontitis: Position paper from the Canadian Dental Hygienists Association.,2021 Feb,Canadian journal of dental hygiene : CJDH = Journal canadien de l'hygiene dentaire : JCHD,Lavigne SE; Forrest JL,"Consensus Statement; Journal Article; Research Support, Non-U.S. Gov't; Systematic Review","Humans; Blood Glucose; Canada; Dental Hygienists; *Diabetes Mellitus, Type 2/therapy; *Periodontitis/therapy; Systematic Reviews as Topic",Review
36297045,Association between Four Dietary Patterns and the Risk of Periodontal Diseases: A Systematic Review and Meta-Analysis.,2022 Oct 18,Nutrients,Jeong J; Kim HS; Lee D; Kim K; Kim YH,Journal Article; Meta-Analysis; Systematic Review,Humans; Cross-Sectional Studies; *Food; *Periodontal Diseases/epidemiology/etiology; Ascorbic Acid; Sugars,Review
31912531,Adjunctive effect of locally delivered antimicrobials in periodontitis therapy: A systematic review and meta-analysis.,2020 Jul,Journal of clinical periodontology,Herrera D; Matesanz P; Martin C; Oud V; Feres M; Teughels W,Journal Article; Meta-Analysis; Systematic Review,Adult; *Anti-Infective Agents/therapeutic use; *Chronic Periodontitis; Dental Care; Dental Scaling; Humans; Root Planing,Review
39466662,Effectiveness of Implant Therapy in Patients With and Without a History of Periodontitis: A Systematic Review With Meta-Analysis of Prospective Cohort Studies.,2025 Jun,Journal of periodontal research,Annunziata M; Cecoro G; Guida A; Isola G; Pesce P; Sorrentino R; Del Fabbro M; Guida L,Journal Article; Meta-Analysis; Systematic Review,"Humans; Alveolar Bone Loss/etiology; *Dental Implantation, Endosseous/adverse effects/methods; *Dental Implants/adverse effects; Dental Restoration Failure; Peri-Implantitis/etiology; *Periodontitis/complications; Prospective Studies; Treatment Outcome",Review
41863036,Efficacy of Laser Therapy versus Conventional Periodontal Treatment in Diabetic Patients with Periodontitis: A Systematic Review and Meta-analysis of Randomized Controlled Trials.,2025 Oct 1,Indian journal of dental research : official publication of Indian Society for Dental Research,Hegde R; Gopalakrishnan D; Sidharthan S; Vinay V,Journal Article; Meta-Analysis; Systematic Review,"Humans; Randomized Controlled Trials as Topic; *Laser Therapy/methods; *Chronic Periodontitis/therapy/complications; *Low-Level Light Therapy/methods; Treatment Outcome; *Periodontitis/therapy; *Diabetes Mellitus, Type 2/complications; *Diabetes Complications",Review
34488058,A comparison of oral health status in diabetic and non-diabetic patients receiving hemodialysis - A systematic review and meta-analysis.,2021 Sep-Oct,Diabetes & metabolic syndrome,Mahajan S; Bhaskar N; Kaur RK; Jain A,Journal Article; Meta-Analysis; Systematic Review,Diabetes Mellitus/*physiopathology; *Health Status; Humans; *Oral Health; Periodontal Diseases/*etiology/pathology; Renal Dialysis/*adverse effects,Review
32915228,A systematic review and meta-analysis of the association between periodontitis and oral high-risk human papillomavirus infection.,2021 Dec 10,"Journal of public health (Oxford, England)",Ali A; Lassi ZS; Kapellas K; Jamieson L; Rumbold AR,"Journal Article; Meta-Analysis; Research Support, Non-U.S. Gov't; Systematic Review","Adolescent; *Carcinoma, Squamous Cell; Female; Humans; Male; *Mouth Neoplasms/epidemiology/etiology; Odds Ratio; Papillomaviridae; *Papillomavirus Infections/complications/epidemiology; *Periodontitis/complications/epidemiology",Review
39506741,The impact of scaling and root planning combined with mouthwash during pregnancy on preterm birth and low birth weight: a systematic review and meta-analysis.,2024 Nov 6,BMC pregnancy and childbirth,Salama M; Al-Taiar A; McKinney DC; Rahman E; Merchant AT,Journal Article; Meta-Analysis; Systematic Review,"Humans; Female; Pregnancy; *Mouthwashes/therapeutic use; *Premature Birth/prevention & control; *Infant, Low Birth Weight; *Dental Scaling; *Root Planing; *Periodontal Diseases/therapy/prevention & control; Infant, Newborn; Pregnancy Complications/therapy; Randomized Controlled Trials as Topic",Review
34598290,A Systematic Review of the Potential Effects of Lippia sidoides on Dental Plaque and Periodontal Diseases.,2022 Apr,Planta medica,de Assis EL; Silveira FD; da Ponte AVA; Regis RR,Journal Article; Systematic Review,Animals; *Calculi/drug therapy; Cetylpyridinium/therapeutic use; Chlorhexidine/therapeutic use; *Dental Plaque/drug therapy; *Gingivitis/drug therapy; *Lippia; Mice; Mouthwashes/therapeutic use,Review
34391565,CLINICAL EFFICACY OF PROBIOTICS AS AN ADJUNCTIVE THERAPY TO SCALING AND ROOT PLANNING IN THE MANAGEMENT OF PERIODONTITIS: A SYSTEMATIC REVIEW AND META-ANALYSIS OF RANDOMIZED CONTROLLED TRAILS.,2021 Jun,The journal of evidence-based dental practice,Hu D; Zhong T; Dai Q,Journal Article; Meta-Analysis; Systematic Review,*Chronic Periodontitis/therapy; Dental Scaling; Humans; *Probiotics; Root Planing; Treatment Outcome,Review
38150604,Association between periodontitis and its treatment on mortality rates of end-stage renal disease: A systematic review and meta-analysis.,2024 May 1,"Medicina oral, patologia oral y cirugia bucal",Chen H; Li J,Journal Article; Meta-Analysis; Systematic Review,"Humans; *Kidney Failure, Chronic/complications/mortality; *Periodontitis/complications/epidemiology/therapy",Review
32041585,Dental caries and periodontal disease among people who use drugs: a systematic review and meta-analysis.,2020 Feb 10,BMC oral health,Yazdanian M; Armoon B; Noroozi A; Mohammadi R; Bayat AH; Ahounbar E; Higgs P; Nasab HS; Bayani A; Hemmat M,Journal Article; Meta-Analysis; Systematic Review,Dental Caries/*epidemiology/psychology; Drug Users/*statistics & numerical data; Humans; Oral Health/statistics & numerical data; Periodontal Diseases/*epidemiology/psychology; Quality of Life; Substance-Related Disorders/*epidemiology/psychology; Tooth Loss,Review
25580635,Effect of overweight/obesity on response to periodontal treatment: systematic review and a meta-analysis.,2015 Mar,Journal of clinical periodontology,Papageorgiou SN; Reichert C; Jager A; Deschner J,"Journal Article; Meta-Analysis; Research Support, Non-U.S. Gov't; Systematic Review",Adiponectin/analysis; Body Weight/*physiology; Diabetes Complications/metabolism; Glycated Hemoglobin/analysis; Humans; Leptin/analysis; Obesity/*complications; Overweight/*complications; Periodontal Diseases/*therapy; Tumor Necrosis Factor-alpha/analysis,Review
19438942,Risk of implant failure and marginal bone loss in subjects with a history of periodontitis: a systematic review and meta-analysis.,2010 Sep,Clinical implant dentistry and related research,Safii SH; Palmer RM; Wilson RF,Journal Article; Meta-Analysis; Systematic Review,Alveolar Bone Loss/*complications/pathology; *Dental Implants; *Dental Restoration Failure; Humans; Odds Ratio; Periodontitis/*complications/pathology; Risk Factors; Survival Analysis,Review
23668676,Effectiveness of metronidazole as an adjunct to scaling and root planing in the treatment of chronic periodontitis: a systematic review and meta-analysis.,2014 Feb,Journal of periodontal research,Sgolastra F; Severino M; Petrucci A; Gatto R; Monaco A,Journal Article; Meta-Analysis; Systematic Review,Anti-Infective Agents/*therapeutic use; Chronic Periodontitis/drug therapy/*therapy; Combined Modality Therapy; Dental Scaling/*methods; Humans; Metronidazole/*therapeutic use; Periodontal Attachment Loss/therapy; Periodontal Pocket/therapy; Randomized Controlled Trials as Topic; Root Planing/*methods,Review
41603467,Behavioural interventions for improving oral hygiene in adults with periodontal diseases.,2026 Jan 28,The Cochrane database of systematic reviews,O'Malley L; Lewis SR; Preshaw PM; Riley P; Adair P; Edwards MLE; Raison H; Byrne MJ; Kitsaras G; Jervoe-Storm PM,Journal Article; Systematic Review,Adult; Humans; *Behavior Therapy/methods; Bias; Gingivitis/therapy; *Health Behavior; *Oral Hygiene/education/methods/psychology; *Periodontal Diseases/therapy; Periodontitis/therapy; Randomized Controlled Trials as Topic,Review
23631578,Epidemiology of association between maternal periodontal disease and adverse pregnancy outcomes--systematic review.,2013 Apr,Journal of periodontology,Ide M; Papapanou PN,Journal Article; Systematic Review,"Cross-Sectional Studies; Female; Humans; *Infant, Low Birth Weight; Periodontal Diseases; Pregnancy; *Pregnancy Outcome; Premature Birth/epidemiology; Prospective Studies",Review
31677052,"The assessment of stress, depression, and inflammation as a collective risk factor for periodontal diseases: a systematic review.",2020 Jan,Clinical oral investigations,Decker A; Askar H; Tattan M; Taichman R; Wang HL,Journal Article; Systematic Review,Adult; Animals; Cross-Sectional Studies; *Depression; Humans; *Inflammation; *Periodontal Diseases; *Psychological Distress; Risk Factors,Review
32266957,Periodontitis and risk for preeclampsia - a systematic review.,2020,Ginekologia polska,Konopka T; Zakrzewska A,"Journal Article; Research Support, Non-U.S. Gov't; Systematic Review",Cohort Studies; Female; Humans; *Periodontitis/complications/epidemiology; Pre-Eclampsia/*epidemiology; Pregnancy; Randomized Controlled Trials as Topic; Risk Factors,Review
38684998,Exploring the bi-directional relationship between periodontitis and dyslipidemia: a comprehensive systematic review and meta-analysis.,2024 Apr 29,BMC oral health,Ma W; Zou Z; Yang L; Lin D; Guo J; Shan Z; Hu Q; Wang Z; Li B; Fang J,"Journal Article; Meta-Analysis; Research Support, Non-U.S. Gov't; Systematic Review",Humans; *Dyslipidemias/complications/blood; *Periodontitis/complications/blood; Risk Factors; Triglycerides/blood,Review
25672656,Association between periodontal disease and overweight and obesity: a systematic review.,2015 Jun,Journal of periodontology,Keller A; Rohde JF; Raymond K; Heitmann BL,"Journal Article; Research Support, Non-U.S. Gov't; Systematic Review",Humans; Longitudinal Studies; Obesity/*complications; Overweight/*complications; Periodontal Diseases/*complications; Risk Factors; Waist Circumference; Weight Gain,Review
34710980,Association between Smokeless Tobacco Use and Risk of Periodontitis in Asian Countries: A Systematic Review and Meta-Analysis.,2021 Oct 1,Asian Pacific journal of cancer prevention : APJCP,Mehta A; Ramanarayanan V; Karuveettil V; Janakiram C,Journal Article; Meta-Analysis; Systematic Review,"Asia; Bias; Cross-Sectional Studies; Gingival Recession/*etiology; Humans; India; Periodontal Attachment Loss/*etiology; Periodontal Pocket/etiology/pathology; Periodontitis/*etiology; Risk; Tobacco, Smokeless/*adverse effects",Review
31345000,The risk of periodontitis for peripheral vascular disease: a systematic review.,2019 Jun 30,Reviews in cardiovascular medicine,Wang J; Geng X; Sun J; Zhang S; Yu W; Zhang X; Liu H,Journal Article; Meta-Analysis; Systematic Review,Carotid Artery Diseases/diagnosis/*epidemiology; Humans; Incidence; Lower Extremity/*blood supply; Periodontitis/diagnosis/*epidemiology; Peripheral Arterial Disease/diagnosis/*epidemiology; Prognosis; Risk Assessment; Risk Factors,Review
28275229,Association between periodontal disease and polycystic ovary syndrome: a systematic review.,2017 May,International journal of impotence research,Kellesarian SV; Malignaggi VR; Kellesarian TV; Al-Kheraif AA; Alwageet MM; Malmstrom H; Romanos GE; Javed F,Journal Article; Systematic Review,Female; Humans; Periodontal Diseases/*complications/immunology/microbiology; Polycystic Ovary Syndrome/*complications/immunology/microbiology,Review
39093490,Adjunctive photobiomodulation to Basic Periodontal therapy using different low-power laser application techniques: a systematic review and meta-analysis.,2024 Aug 2,Lasers in medical science,da Silva RCM; da Silva LGC; Martins AA; de Araujo CM; Martins ARLA,Journal Article; Meta-Analysis; Systematic Review,Humans; *Low-Level Light Therapy/methods; Periodontal Diseases/radiotherapy/therapy; Treatment Outcome,Review
34609240,Unusual Findings in Trials Evaluating Adjuncts to Scaling and Root Planing: Meta-analysis (Part 1).,2022 Jul,JDR clinical and translational research,Gunsolley JC; Al-Abedalla K; Shaqman M; Ioannidou E,"Journal Article; Meta-Analysis; Research Support, N.I.H., Extramural; Systematic Review",Anti-Bacterial Agents/therapeutic use; *Dental Scaling/methods; Humans; India; *Periodontitis/drug therapy; Root Planing/methods; United States,Review
25142259,Non-surgical periodontal therapy with systemic antibiotics in patients with untreated chronic periodontitis: a systematic review and meta-analysis.,2015 Jun,Journal of periodontal research,Keestra JA; Grosjean I; Coucke W; Quirynen M; Teughels W,Comparative Study; Journal Article; Meta-Analysis; Systematic Review,Anti-Bacterial Agents/*therapeutic use; Chronic Periodontitis/drug therapy/*therapy; Combined Modality Therapy; Dental Scaling/methods; Humans; Periodontal Debridement/*methods; Root Planing/methods; Treatment Outcome,Review
35718433,THE EFFECT OF COENZYME Q10 ON PERIODONTITIS: A SYSTEMATIC REVIEW AND META-ANALYSIS OF CLINICAL TRIALS.,2022 Jun,The journal of evidence-based dental practice,Rasoolzadeh EA; Shidfar F; Rasoolzadeh RA; Hezaveh ZS,Journal Article; Meta-Analysis; Systematic Review,Humans; *Periodontitis/drug therapy; Ubiquinone/analogs & derivatives,Review
35358767,Effect of the technique of photodynamic therapy against the main microorganisms responsible for periodontitis: A systematic review of in-vitro studies.,2022 Jun,Archives of oral biology,Sales LS; Miranda ML; de Oliveira AB; Ferrisse TM; Fontana CR; Milward M; Brighenti FL,Journal Article; Systematic Review,Anti-Bacterial Agents/therapeutic use; *Anti-Infective Agents/therapeutic use; Humans; *Periodontal Diseases/drug therapy; *Periodontitis/drug therapy/microbiology; *Photochemotherapy/methods; Photosensitizing Agents/pharmacology/therapeutic use,Review
32980832,Comparison Between Hand and Sonic/ Ultrasonic Instruments for Periodontal Treatment: Systematic Review with Meta-Analysis.,2020 Oct 1,Journal of the International Academy of Periodontology,Muniz FWMG; Langa GPJ; Pimentel RP; Martins JR; Pereira DH; Rosing CK,"Journal Article; Meta-Analysis; Research Support, Non-U.S. Gov't; Systematic Review",*Dental Scaling; Hand; Humans; *Periodontitis; Root Planing; Ultrasonics,Review
23432795,Periodontitis and chronic kidney disease: a systematic review of the association of diseases and the effect of periodontal treatment on estimated glomerular filtration rate.,2013 May,Journal of clinical periodontology,Chambrone L; Foz AM; Guglielmetti MR; Pannuti CM; Artese HP; Feres M; Romito GA,Journal Article; Systematic Review,"Bias; Glomerular Filtration Rate/*physiology; Humans; Periodontitis/*complications/therapy; Renal Insufficiency, Chronic/*complications/physiopathology; Risk Factors; Treatment Outcome",Review
29682757,Infrared lasers for the treatment of moderate to severe periodontitis: An American Academy of Periodontology best evidence review.,2018 Jul,Journal of periodontology,Chambrone L; Ramos UD; Reynolds MA,"Journal Article; Meta-Analysis; Research Support, Non-U.S. Gov't; Systematic Review","Adolescent; Adult; *Chronic Periodontitis; Debridement; Dental Scaling; Humans; Lasers, Semiconductor; *Lasers, Solid-State; Root Planing; United States",Review
38936456,Efficacy of adjunctive local periodontal treatment for type 2 diabetes mellitus patients with periodontitis: A systematic review and network meta-analysis.,2024 Sep,Journal of dentistry,Lin SY; Sun JS; Lin IP; Hung MC; Chang JZ,"Journal Article; Network Meta-Analysis; Research Support, Non-U.S. Gov't; Systematic Review","Humans; *Diabetes Mellitus, Type 2/complications; *Dental Scaling; *Glycated Hemoglobin/analysis; *Periodontitis/therapy/complications; Root Planing; Treatment Outcome; Randomized Controlled Trials as Topic; Metformin/therapeutic use; Combined Modality Therapy; Hypoglycemic Agents/therapeutic use; Hydroxymethylglutaryl-CoA Reductase Inhibitors/therapeutic use; Anti-Bacterial Agents/therapeutic use",Review
36141573,Periodontal Disease in Patients with Psoriasis: A Systematic Review.,2022 Sep 8,International journal of environmental research and public health,Nijakowski K; Gruszczynski D; Kolasinska J; Kopala D; Surdacka A,Journal Article; Meta-Analysis; Systematic Review,Humans; *Periodontal Diseases/complications/epidemiology; *Periodontitis/complications; *Psoriasis/complications/epidemiology,Review
32005169,Adjunctive subgingival application of Chlorhexidine gel in nonsurgical periodontal treatment for chronic periodontitis: a systematic review and meta-analysis.,2020 Jan 31,BMC oral health,Zhao H; Hu J; Zhao L,"Journal Article; Meta-Analysis; Research Support, Non-U.S. Gov't; Systematic Review","Aged; Anti-Infective Agents, Local/administration & dosage/*therapeutic use; Chlorhexidine/*therapeutic use; Chronic Periodontitis/*drug therapy; *Dental Scaling; Humans; *Root Planing; Therapeutic Irrigation",Review
40736667,"The Effect of Probiotic Lactobacillus Strains on Porphyromonas gingivalis, the Etiological Factor of Periodontal Diseases-A Systematic Review.",2026 Mar,Probiotics and antimicrobial proteins,Kamianowski C; Kamianowski A; Nikitiuk J; Tomczyk TM; Kindeusz K; Sierpinska T; Kamianowska M,Journal Article; Review; Systematic Review,*Porphyromonas gingivalis/physiology/drug effects/growth & development; *Probiotics/pharmacology; Humans; *Periodontal Diseases/microbiology/therapy; *Lactobacillus/physiology; Animals; Biofilms/drug effects/growth & development,Review
34502159,Oral Microbiota Features in Subjects with Down Syndrome and Periodontal Diseases: A Systematic Review.,2021 Aug 26,International journal of molecular sciences,Contaldo M; Lucchese A; Romano A; Della Vella F; Di Stasio D; Serpico R; Petruzzi M,Journal Article; Systematic Review,Biofilms; Dental Plaque/microbiology; Down Syndrome/*complications; Gingivitis/etiology; Humans; *Microbiota; Mouth/*microbiology; Periodontal Diseases/*complications,Review
41274197,Effects of Different Treatment Sequences on the Efficacy of Combined Periodontal-Endodontic Lesions: A Systematic Review and Meta-Analysis.,2026 Feb,International dental journal,Fan Y; Sun F; Zhu Q; Wang J; Wang P; Zhou Y; Gao Y; Shou Y; Feng M; Hu M; Cai A; Chen M; Qian S,Journal Article; Meta-Analysis; Systematic Review,Humans; *Root Canal Therapy/methods; *Periodontal Diseases/therapy; Treatment Outcome,Review
28284417,Chlorhexidine mouthwash as an adjunct to mechanical therapy in chronic periodontitis: A meta-analysis.,2017 May,Journal of the American Dental Association (1939),da Costa LFNP; Amaral CDSF; Barbirato DDS; Leao ATT; Fogacci MF,Journal Article; Meta-Analysis; Systematic Review,Chlorhexidine/*therapeutic use; Chronic Periodontitis/*therapy; Combined Modality Therapy; Dental Scaling; Humans; Mouthwashes/*therapeutic use; Root Planing,Review
38852154,Efficacy of OFD with EMD for treatment of periodontal defects: A systematic review and meta-analysis.,2024 Oct,Oral diseases,Yang Z; Yu Q; Ren L; Wang H; Zhu L,"Journal Article; Meta-Analysis; Research Support, Non-U.S. Gov't; Systematic Review",Humans; *Dental Enamel Proteins/therapeutic use; Surgical Flaps; Periodontal Diseases/surgery/drug therapy; Debridement; Randomized Controlled Trials as Topic; Treatment Outcome; Gingival Recession/surgery/drug therapy,Review
39631968,LONG-TERM PREDICTIVE VALUE OF BLEEDING ON PROBING IN PERI‑IMPLANTITIS DIAGNOSIS: A SYSTEMATIC REVIEW AND META-ANALYSIS.,2024 Dec,The journal of evidence-based dental practice,Yu X; Lin X; Wang F; Wu Y,"Journal Article; Meta-Analysis; Research Support, Non-U.S. Gov't; Systematic Review",*Peri-Implantitis/diagnosis; Humans; Predictive Value of Tests; Periodontal Index; Dental Implants/adverse effects,Review
40743404,Effectiveness of Endoscope-Assisted Subgingival Debridement Versus Repeated Root Surface Debridement or Access Flap Periodontal Surgery in Step 3 Periodontal Therapy: A Systematic Review and Meta-Analysis.,2025 Aug,Clinical and experimental dental research,Ho KD; Fok MR; Li KY; Pelekos G; Leung WK,Comparative Study; Journal Article; Meta-Analysis; Systematic Review,Humans; *Surgical Flaps; *Periodontal Pocket/surgery; *Periodontal Debridement/methods; Randomized Controlled Trials as Topic; *Periodontitis/surgery; Treatment Outcome; *Endoscopy/methods; Tooth Root/surgery; *Debridement/methods,Review
33666703,"Association of IL-10 -1082A>G, -819C>T, and -592C>A polymorphisms with susceptibility to chronic and aggressive periodontitis: a systematic review and meta-analysis.",2021 May,Inflammation research : official journal of the European Histamine Research Society ... [et al.],Mashhadiabbas F; Dastgheib SA; Hashemzehi A; Bahrololoomi Z; Asadian F; Neamatzadeh H; Zare-Shehneh M; Daliri K,Journal Article; Meta-Analysis; Systematic Review,"Aggressive Periodontitis/*genetics; Chronic Periodontitis/*genetics; Gene Frequency; Genetic Predisposition to Disease; Humans; Interleukin-10/*genetics; Polymorphism, Genetic",Review
37277748,Periodontal health status in cirrhotic patients: a systematic review and meta-analysis.,2023 Jun 5,BMC oral health,Bie M; Wu P; Zhou J; Li Y; Zhao L,"Journal Article; Meta-Analysis; Research Support, Non-U.S. Gov't; Systematic Review",Humans; *Periodontitis/complications; *Periodontal Diseases/complications/epidemiology; *Gingival Diseases; *Alveolar Bone Loss/etiology; Liver Cirrhosis/complications,Review
41618286,Causal association between periodontitis and systemic diseases: a systematic review and meta-analysis of mendelian randomization studies.,2026 Jan 30,BMC oral health,Zhao Y; Zhang C; Chang X; Zhang J; Shu C; Lin C; Hou J,Journal Article; Meta-Analysis; Systematic Review,Humans; *Mendelian Randomization Analysis; *Periodontitis/complications; Depression/etiology; Stroke/etiology,Review
39515611,Periodontitis and atherosclerotic cardiovascular disease.,2024 Dec,Molecules and cells,Kim JY; Lee K; Lee MG; Kim SJ,Journal Article; Systematic Review,Humans; *Periodontitis/complications/epidemiology; *Atherosclerosis/epidemiology; Animals; Risk Factors; Cardiovascular Diseases/epidemiology/etiology,Review
40873154,Do Systemic Antibiotics Offer Benefits to the Surgical Treatment of Peri-Implantitis? A Systematic Review With Meta-Analyses.,2025 Dec,Journal of clinical periodontology,Antonoglou GN; Papageorgiou SN; Carrillo de Albornoz A; Payer M; Stavropoulos A,"Journal Article; Meta-Analysis; Research Support, Non-U.S. Gov't; Systematic Review",Humans; *Peri-Implantitis/surgery/drug therapy; *Anti-Bacterial Agents/therapeutic use; Treatment Outcome,Review
